date,user_tier,capital_tier,ticker,action,shares,price,total_cost,buy_factor_pct
01/12/2025,25M,25000000,EIB,BUY,100,21750.0,2175000.0,100
01/12/2025,25M,25000000,PDR,BUY,100,21900.0,2190000.0,100
01/12/2025,25M,25000000,STB,BUY,100,49000.0,4900000.0,100
01/12/2025,25M,25000000,TCH,BUY,100,20300.0,2030000.0,100
01/12/2025,25M,25000000,VIC,BUY,100,134950.0,13495000.0,100
01/12/2025,50M,50000000,DGW,BUY,100,42570.0,4257000.0,100
01/12/2025,50M,50000000,DXG,BUY,100,16170.000000000002,1617000.0000000002,100
01/12/2025,50M,50000000,EIB,BUY,100,21750.0,2175000.0,100
01/12/2025,50M,50000000,HAG,BUY,100,17450.0,1745000.0,100
01/12/2025,50M,50000000,HDC,BUY,100,23230.0,2323000.0,100
01/12/2025,50M,50000000,IMP,BUY,100,48580.0,4858000.0,100
01/12/2025,50M,50000000,PDR,BUY,100,21900.0,2190000.0,100
01/12/2025,50M,50000000,STB,BUY,200,49000.0,9800000.0,100
01/12/2025,50M,50000000,TCH,BUY,100,20300.0,2030000.0,100
01/12/2025,50M,50000000,VGC,BUY,100,43800.0,4380000.0,100
01/12/2025,50M,50000000,VIC,BUY,100,134950.0,13495000.0,100
01/12/2025,100M,100000000,DGW,BUY,100,42570.0,4257000.0,100
01/12/2025,100M,100000000,DXG,BUY,100,16170.000000000002,1617000.0000000002,100
01/12/2025,100M,100000000,EIB,BUY,200,21750.0,4350000.0,100
01/12/2025,100M,100000000,HAG,BUY,100,17450.0,1745000.0,100
01/12/2025,100M,100000000,HDC,BUY,200,23230.0,4646000.0,100
01/12/2025,100M,100000000,IMP,BUY,200,48580.0,9716000.0,100
01/12/2025,100M,100000000,KDC,BUY,100,51170.0,5117000.0,100
01/12/2025,100M,100000000,PDR,BUY,200,21900.0,4380000.0,100
01/12/2025,100M,100000000,STB,BUY,400,49000.0,19600000.0,100
01/12/2025,100M,100000000,TCH,BUY,200,20300.0,4060000.0,100
01/12/2025,100M,100000000,VGC,BUY,100,43800.0,4380000.0,100
01/12/2025,100M,100000000,VHC,BUY,100,57500.0,5750000.0,100
01/12/2025,100M,100000000,VIC,BUY,200,134950.0,26990000.0,100
01/12/2025,100M,100000000,VIX,BUY,100,20680.0,2068000.0,100
01/12/2025,250M,250000000,DGW,BUY,200,42570.0,8514000.0,100
01/12/2025,250M,250000000,DXG,BUY,300,16170.000000000002,4851000.000000001,100
01/12/2025,250M,250000000,EIB,BUY,300,21750.0,6525000.0,100
01/12/2025,250M,250000000,GAS,BUY,200,65400.00000000001,13080000.000000002,100
01/12/2025,250M,250000000,HAG,BUY,200,17450.0,3490000.0,100
01/12/2025,250M,250000000,HDC,BUY,300,23230.0,6969000.0,100
01/12/2025,250M,250000000,IMP,BUY,300,48580.0,14574000.0,100
01/12/2025,250M,250000000,KDC,BUY,200,51170.0,10234000.0,100
01/12/2025,250M,250000000,KDH,BUY,200,34150.0,6830000.0,100
01/12/2025,250M,250000000,NLG,BUY,100,34980.0,3498000.0,100
01/12/2025,250M,250000000,PDR,BUY,400,21900.0,8760000.0,100
01/12/2025,250M,250000000,STB,BUY,1000,49000.0,49000000.0,100
01/12/2025,250M,250000000,TCH,BUY,500,20300.0,10150000.0,100
01/12/2025,250M,250000000,VCB,BUY,200,57500.0,11500000.0,100
01/12/2025,250M,250000000,VGC,BUY,200,43800.0,8760000.0,100
01/12/2025,250M,250000000,VHC,BUY,200,57500.0,11500000.0,100
01/12/2025,250M,250000000,VIC,BUY,500,134950.0,67475000.0,100
01/12/2025,250M,250000000,VIX,BUY,200,20680.0,4136000.0,100
01/12/2025,500M,500000000,BSI,BUY,100,35520.0,3552000.0,100
01/12/2025,500M,500000000,BVH,BUY,100,51500.0,5150000.0,100
01/12/2025,500M,500000000,CTD,BUY,100,76530.0,7653000.0,100
01/12/2025,500M,500000000,DBC,BUY,100,24240.0,2424000.0,100
01/12/2025,500M,500000000,DGW,BUY,400,42570.0,17028000.0,100
01/12/2025,500M,500000000,DXG,BUY,500,16170.000000000002,8085000.000000001,100
01/12/2025,500M,500000000,EIB,BUY,600,21750.0,13050000.0,100
01/12/2025,500M,500000000,GAS,BUY,200,65400.00000000001,13080000.000000002,100
01/12/2025,500M,500000000,HAG,BUY,400,17450.0,6980000.0,100
01/12/2025,500M,500000000,HDC,BUY,600,23230.0,13938000.0,100
01/12/2025,500M,500000000,HDG,BUY,100,27870.0,2787000.0,100
01/12/2025,500M,500000000,IMP,BUY,600,48580.0,29148000.0,100
01/12/2025,500M,500000000,KDC,BUY,400,51170.0,20468000.0,100
01/12/2025,500M,500000000,KDH,BUY,300,34150.0,10245000.0,100
01/12/2025,500M,500000000,MBB,BUY,100,22310.0,2231000.0,100
01/12/2025,500M,500000000,NLG,BUY,100,34980.0,3498000.0,100
01/12/2025,500M,500000000,NT2,BUY,200,23600.0,4720000.0,100
01/12/2025,500M,500000000,PDR,BUY,700,21900.0,15330000.0,100
01/12/2025,500M,500000000,SJS,BUY,100,58300.0,5830000.0,100
01/12/2025,500M,500000000,STB,BUY,2000,49000.0,98000000.0,100
01/12/2025,500M,500000000,TCH,BUY,1000,20300.0,20300000.0,100
01/12/2025,500M,500000000,VCB,BUY,200,57500.0,11500000.0,100
01/12/2025,500M,500000000,VGC,BUY,400,43800.0,17520000.0,100
01/12/2025,500M,500000000,VHC,BUY,400,57500.0,23000000.0,100
01/12/2025,500M,500000000,VIC,BUY,1000,134950.0,134950000.0,100
01/12/2025,500M,500000000,VIX,BUY,300,20680.0,6204000.0,100
01/12/2025,500M,500000000,VSC,BUY,100,22100.0,2210000.0,100
03/12/2025,50M,50000000,DGW,SELL,100,43640.0,-4364000.0,100
03/12/2025,50M,50000000,HAG,SELL,100,17750.0,-1775000.0,100
03/12/2025,50M,50000000,HDC,SELL,100,23580.0,-2358000.0,100
03/12/2025,50M,50000000,VGC,SELL,100,44150.0,-4415000.0,100
03/12/2025,50M,50000000,VIC,BUY,100,134700.0,13470000.0,100
03/12/2025,100M,100000000,DGW,SELL,100,43640.0,-4364000.0,100
03/12/2025,100M,100000000,VHC,SELL,100,57500.0,-5750000.0,100
03/12/2025,100M,100000000,VIX,SELL,100,20510.0,-2051000.0,100
03/12/2025,100M,100000000,VIC,BUY,100,134700.0,13470000.0,100
03/12/2025,250M,250000000,VCB,SELL,100,58900.0,-5890000.0,100
03/12/2025,250M,250000000,MBB,BUY,100,23610.0,2361000.0,100
03/12/2025,250M,250000000,NLG,BUY,100,35420.0,3542000.0,100
03/12/2025,500M,500000000,NT2,SELL,100,24000.0,-2400000.0,100
03/12/2025,500M,500000000,VCB,SELL,100,58900.0,-5890000.0,100
03/12/2025,500M,500000000,VHC,SELL,100,57500.0,-5750000.0,100
03/12/2025,500M,500000000,VIX,SELL,100,20510.0,-2051000.0,100
03/12/2025,500M,500000000,NLG,BUY,100,35420.0,3542000.0,100
03/12/2025,500M,500000000,VIC,BUY,100,134700.0,13470000.0,100
04/12/2025,100M,100000000,KDC,SELL,100,50780.0,-5078000.0,100
04/12/2025,100M,100000000,DGW,BUY,100,42960.0,4296000.0,100
04/12/2025,250M,250000000,DXG,SELL,100,16830.0,-1683000.0,100
04/12/2025,250M,250000000,GAS,SELL,100,65000.0,-6500000.0,100
04/12/2025,250M,250000000,NLG,SELL,100,35420.0,-3542000.0,100
04/12/2025,500M,500000000,DXG,SELL,100,16830.0,-1683000.0,100
04/12/2025,500M,500000000,KDC,SELL,100,50780.0,-5078000.0,100
04/12/2025,500M,500000000,VCB,BUY,100,58900.0,5890000.0,100
05/12/2025,25M,25000000,VIC,SELL,100,142800.0,-14280000.0,100
05/12/2025,25M,25000000,DXG,BUY,100,16390.0,1639000.0,100
05/12/2025,25M,25000000,HDC,BUY,100,23360.0,2336000.0,100
05/12/2025,25M,25000000,IMP,BUY,100,49470.0,4947000.0,100
05/12/2025,25M,25000000,STB,BUY,100,49200.0,4920000.0,100
05/12/2025,50M,50000000,VIC,SELL,100,142800.0,-14280000.0,100
05/12/2025,50M,50000000,HDC,BUY,100,23360.0,2336000.0,100
05/12/2025,50M,50000000,STB,BUY,100,49200.0,4920000.0,100
05/12/2025,50M,50000000,TCH,BUY,100,20400.0,2040000.0,100
05/12/2025,50M,50000000,VGC,BUY,100,44100.0,4410000.0,100
05/12/2025,100M,100000000,VIC,SELL,100,142800.0,-14280000.0,100
05/12/2025,100M,100000000,KDC,BUY,100,50880.0,5088000.0,100
05/12/2025,100M,100000000,STB,BUY,100,49200.0,4920000.0,100
05/12/2025,100M,100000000,TCH,BUY,100,20400.0,2040000.0,100
05/12/2025,100M,100000000,VIX,BUY,100,20590.0,2059000.0,100
05/12/2025,250M,250000000,MBB,SELL,100,24180.0,-2418000.0,100
05/12/2025,250M,250000000,NLG,BUY,100,34930.0,3493000.0,100
05/12/2025,250M,250000000,STB,BUY,100,49200.0,4920000.0,100
05/12/2025,250M,250000000,VCB,BUY,100,58300.0,5830000.0,100
05/12/2025,500M,500000000,KDH,SELL,100,33950.0,-3395000.0,100
05/12/2025,500M,500000000,VIC,SELL,100,142800.0,-14280000.0,100
05/12/2025,500M,500000000,VSC,SELL,100,22600.0,-2260000.0,100
05/12/2025,500M,500000000,KDC,BUY,100,50880.0,5088000.0,100
05/12/2025,500M,500000000,STB,BUY,100,49200.0,4920000.0,100
05/12/2025,500M,500000000,VCG,BUY,100,21870.0,2187000.0,100
05/12/2025,500M,500000000,VHC,BUY,100,56800.0,5680000.0,100
05/12/2025,500M,500000000,VIX,BUY,100,20590.0,2059000.0,100
08/12/2025,250M,250000000,NLG,SELL,100,35170.0,-3517000.0,100
08/12/2025,250M,250000000,VCB,SELL,100,57900.0,-5790000.0,100
08/12/2025,250M,250000000,HDC,BUY,100,22700.0,2270000.0,100
08/12/2025,250M,250000000,IMP,BUY,100,48480.0,4848000.0,100
08/12/2025,250M,250000000,TCH,BUY,100,20100.0,2010000.0,100
08/12/2025,500M,500000000,KDC,SELL,100,50780.0,-5078000.0,100
08/12/2025,500M,500000000,VHC,SELL,100,56100.0,-5610000.0,100
08/12/2025,500M,500000000,VIX,SELL,100,19870.0,-1987000.0,100
08/12/2025,500M,500000000,HDC,BUY,100,22700.0,2270000.0,100
08/12/2025,500M,500000000,IMP,BUY,100,48480.0,4848000.0,100
08/12/2025,500M,500000000,KDH,BUY,100,33400.0,3340000.0,100
08/12/2025,500M,500000000,TCH,BUY,100,20100.0,2010000.0,100
09/12/2025,25M,25000000,DXG,SELL,100,15860.0,-1586000.0,100
09/12/2025,25M,25000000,IMP,SELL,100,48380.0,-4838000.0,100
09/12/2025,25M,25000000,GMD,BUY,100,56850.0,5685000.0,100
09/12/2025,50M,50000000,VIC,SELL,100,160000.0,-16000000.0,100
09/12/2025,50M,50000000,GMD,BUY,200,56850.0,11370000.0,100
09/12/2025,50M,50000000,HAG,BUY,100,18000.0,1800000.0,100
09/12/2025,50M,50000000,KDH,BUY,100,33300.0,3330000.0,100
09/12/2025,100M,100000000,VIC,SELL,200,160000.0,-32000000.0,100
09/12/2025,100M,100000000,GMD,BUY,400,56850.0,22740000.0,100
09/12/2025,100M,100000000,KDH,BUY,100,33300.0,3330000.0,100
09/12/2025,100M,100000000,VHC,BUY,100,55200.0,5520000.0,100
09/12/2025,250M,250000000,VIC,SELL,400,160000.0,-64000000.0,100
09/12/2025,250M,250000000,GAS,BUY,100,64000.0,6400000.0,100
09/12/2025,250M,250000000,GMD,BUY,900,56850.0,51165000.0,100
09/12/2025,250M,250000000,MBB,BUY,100,23750.0,2375000.0,100
09/12/2025,250M,250000000,NLG,BUY,100,34580.0,3458000.0,100
09/12/2025,500M,500000000,VIC,SELL,800,160000.0,-128000000.0,100
09/12/2025,500M,500000000,GMD,BUY,1800,56850.0,102330000.0,100
09/12/2025,500M,500000000,KDC,BUY,100,50780.0,5078000.0,100
09/12/2025,500M,500000000,MBB,BUY,100,23750.0,2375000.0,100
09/12/2025,500M,500000000,NLG,BUY,100,34580.0,3458000.0,100
09/12/2025,500M,500000000,STB,BUY,100,48550.0,4855000.0,100
09/12/2025,500M,500000000,VHC,BUY,100,55200.0,5520000.0,100
09/12/2025,500M,500000000,VIX,BUY,100,19830.0,1983000.0,100
09/12/2025,500M,500000000,VSC,BUY,100,21600.0,2160000.0,100
10/12/2025,100M,100000000,KDC,SELL,100,51080.0,-5108000.0,100
10/12/2025,100M,100000000,VIX,SELL,100,19410.0,-1941000.0,100
10/12/2025,250M,250000000,GAS,SELL,100,63500.0,-6350000.0,100
10/12/2025,250M,250000000,NLG,SELL,100,34190.0,-3419000.0,100
10/12/2025,250M,250000000,DXG,BUY,100,15860.0,1586000.0,100
10/12/2025,500M,500000000,KDC,SELL,100,51080.0,-5108000.0,100
10/12/2025,500M,500000000,NLG,SELL,100,34190.0,-3419000.0,100
10/12/2025,500M,500000000,STB,SELL,100,48600.0,-4860000.0,100
10/12/2025,500M,500000000,VHC,SELL,100,55600.0,-5560000.0,100
10/12/2025,500M,500000000,VIX,SELL,100,19410.0,-1941000.0,100
10/12/2025,500M,500000000,KDH,BUY,100,32500.0,3250000.0,100
10/12/2025,500M,500000000,VIC,BUY,100,148800.0,14880000.0,100
11/12/2025,25M,25000000,GMD,SELL,100,56360.0,-5636000.0,100
11/12/2025,25M,25000000,DXG,BUY,100,15820.0,1582000.0,100
11/12/2025,25M,25000000,IMP,BUY,100,48290.0,4829000.0,100
11/12/2025,50M,50000000,GMD,SELL,200,56360.0,-11272000.0,100
11/12/2025,50M,50000000,KDH,SELL,100,32500.0,-3250000.0,100
11/12/2025,50M,50000000,VIC,BUY,100,146000.0,14600000.0,100
11/12/2025,100M,100000000,GMD,SELL,400,56360.0,-22544000.0,100
11/12/2025,100M,100000000,VHC,SELL,100,55600.0,-5560000.0,100
11/12/2025,100M,100000000,KDC,BUY,100,51170.0,5117000.0,100
11/12/2025,100M,100000000,VIC,BUY,200,146000.0,29200000.0,100
11/12/2025,100M,100000000,VIX,BUY,100,19750.0,1975000.0,100
11/12/2025,250M,250000000,DXG,SELL,100,15820.0,-1582000.0,100
11/12/2025,250M,250000000,GMD,SELL,900,56360.0,-50724000.0,100
11/12/2025,250M,250000000,MBB,BUY,100,23890.0,2389000.0,100
11/12/2025,250M,250000000,VIC,BUY,400,146000.0,58400000.0,100
11/12/2025,500M,500000000,KDH,SELL,200,32500.0,-6500000.0,100
11/12/2025,500M,500000000,GMD,SELL,1800,56360.0,-101448000.0,100
11/12/2025,500M,500000000,EIB,BUY,100,22250.0,2225000.0,100
11/12/2025,500M,500000000,KDC,BUY,100,51170.0,5117000.0,100
11/12/2025,500M,500000000,VIC,BUY,700,146000.0,102200000.0,100
11/12/2025,500M,500000000,VIX,BUY,100,19750.0,1975000.0,100
12/12/2025,250M,250000000,HDC,SELL,100,20880.0,-2088000.0,100
12/12/2025,250M,250000000,IMP,SELL,100,47890.0,-4789000.0,100
12/12/2025,250M,250000000,DXG,BUY,100,14720.0,1472000.0,100
12/12/2025,250M,250000000,EIB,BUY,100,20700.0,2070000.0,100
12/12/2025,250M,250000000,NLG,BUY,100,32280.0,3228000.0,100
12/12/2025,500M,500000000,HDC,SELL,100,20880.0,-2088000.0,100
12/12/2025,500M,500000000,IMP,SELL,100,47890.0,-4789000.0,100
12/12/2025,500M,500000000,VIX,SELL,100,18400.0,-1840000.0,100
12/12/2025,500M,500000000,VSC,SELL,100,19750.0,-1975000.0,100
12/12/2025,500M,500000000,DXG,BUY,100,14720.0,1472000.0,100
12/12/2025,500M,500000000,KDH,BUY,100,30500.0,3050000.0,100
12/12/2025,500M,500000000,PDR,BUY,100,19700.0,1970000.0,100
12/12/2025,500M,500000000,STB,BUY,100,46000.0,4600000.0,100
15/12/2025,500M,500000000,STB,SELL,100,46800.0,-4680000.0,100
15/12/2025,500M,500000000,KDH,BUY,100,29600.0,2960000.0,100
15/12/2025,500M,500000000,VIX,BUY,100,18400.0,1840000.0,100
16/12/2025,250M,250000000,MBB,SELL,100,23510.0,-2351000.0,100
16/12/2025,250M,250000000,HDC,BUY,100,21310.0,2131000.0,100
16/12/2025,500M,500000000,VIX,SELL,100,19320.0,-1932000.0,100
16/12/2025,500M,500000000,VCG,SELL,100,20890.0,-2089000.0,100
16/12/2025,500M,500000000,HDC,BUY,100,21310.0,2131000.0,100
16/12/2025,500M,500000000,VSC,BUY,100,20350.0,2035000.0,100
17/12/2025,100M,100000000,KDC,SELL,100,50980.0,-5098000.0,100
17/12/2025,100M,100000000,VIX,SELL,100,18780.0,-1878000.0,100
17/12/2025,100M,100000000,DXG,BUY,100,14810.0,1481000.0,100
17/12/2025,100M,100000000,VHC,BUY,100,54400.0,5440000.0,100
17/12/2025,500M,500000000,KDH,SELL,200,31700.0,-6340000.0,100
17/12/2025,500M,500000000,VHC,BUY,100,54400.0,5440000.0,100
18/12/2025,25M,25000000,EIB,SELL,100,21450.0,-2145000.0,100
18/12/2025,25M,25000000,STB,SELL,100,48000.0,-4800000.0,100
18/12/2025,25M,25000000,HDC,SELL,100,20700.0,-2070000.0,100
18/12/2025,25M,25000000,IMP,SELL,100,48780.0,-4878000.0,100
18/12/2025,25M,25000000,VIC,BUY,100,142700.0,14270000.0,100
18/12/2025,250M,250000000,HDC,SELL,100,20700.0,-2070000.0,100
18/12/2025,250M,250000000,MBB,BUY,100,23700.0,2370000.0,100
18/12/2025,500M,500000000,HDC,SELL,100,20700.0,-2070000.0,100
18/12/2025,500M,500000000,KDC,SELL,100,51080.0,-5108000.0,100
18/12/2025,500M,500000000,DXG,BUY,100,15160.0,1516000.0,100
18/12/2025,500M,500000000,KDH,BUY,200,32100.0,6420000.0,100
19/12/2025,500M,500000000,DXG,SELL,100,15640.0,-1564000.0,100
19/12/2025,500M,500000000,VHC,SELL,100,54500.0,-5450000.0,100
19/12/2025,500M,500000000,IMP,BUY,100,49170.0,4917000.0,100
19/12/2025,500M,500000000,TCH,BUY,100,18800.0,1880000.0,100
22/12/2025,25M,25000000,STB,SELL,100,52400.0,-5240000.0,100
22/12/2025,25M,25000000,DXG,SELL,100,15820.0,-1582000.0,100
22/12/2025,25M,25000000,DCM,BUY,200,30580.0,6116000.0,100
22/12/2025,50M,50000000,STB,SELL,300,52400.0,-15720000.0,100
22/12/2025,50M,50000000,DCM,BUY,400,30580.0,12232000.0,100
22/12/2025,50M,50000000,DGW,BUY,100,39540.0,3954000.0,100
22/12/2025,100M,100000000,DXG,SELL,100,15820.0,-1582000.0,100
22/12/2025,100M,100000000,STB,SELL,500,52400.0,-26200000.0,100
22/12/2025,100M,100000000,DCM,BUY,700,30580.0,21406000.0,100
22/12/2025,100M,100000000,KDC,BUY,100,51270.0,5127000.0,100
22/12/2025,250M,250000000,NLG,SELL,100,32030.0,-3203000.0,100
22/12/2025,250M,250000000,STB,SELL,1100,52400.0,-57640000.0,100
22/12/2025,250M,250000000,MBB,SELL,100,24280.0,-2428000.0,100
22/12/2025,250M,250000000,DCM,BUY,1700,30580.0,51986000.0,100
22/12/2025,250M,250000000,HDC,BUY,100,21400.0,2140000.0,100
22/12/2025,250M,250000000,IMP,BUY,100,49570.0,4957000.0,100
22/12/2025,250M,250000000,VGC,BUY,100,41550.0,4155000.0,100
22/12/2025,500M,500000000,KDH,SELL,100,33150.0,-3315000.0,100
22/12/2025,500M,500000000,STB,SELL,2100,52400.0,-110040000.0,100
22/12/2025,500M,500000000,DCM,BUY,3400,30580.0,103972000.0,100
22/12/2025,500M,500000000,HDC,BUY,100,21400.0,2140000.0,100
22/12/2025,500M,500000000,VCG,BUY,100,21290.0,2129000.0,100
22/12/2025,500M,500000000,VGC,BUY,100,41550.0,4155000.0,100
23/12/2025,25M,25000000,VIC,SELL,100,169900.0,-16990000.0,100
23/12/2025,25M,25000000,DXG,BUY,100,15730.0,1573000.0,100
23/12/2025,25M,25000000,EIB,BUY,100,22450.0,2245000.0,100
23/12/2025,25M,25000000,GMD,BUY,100,57820.0,5782000.0,100
23/12/2025,25M,25000000,HDC,BUY,100,21100.0,2110000.0,100
23/12/2025,25M,25000000,IMP,BUY,100,49470.0,4947000.0,100
23/12/2025,50M,50000000,VIC,SELL,100,169900.0,-16990000.0,100
23/12/2025,50M,50000000,GMD,BUY,200,57820.0,11564000.0,100
23/12/2025,50M,50000000,VHC,BUY,100,54300.0,5430000.0,100
23/12/2025,100M,100000000,VIC,SELL,200,169900.0,-33980000.0,100
23/12/2025,100M,100000000,DCM,BUY,100,30680.0,3068000.0,100
23/12/2025,100M,100000000,DXG,BUY,100,15730.0,1573000.0,100
23/12/2025,100M,100000000,GMD,BUY,400,57820.0,23128000.0,100
23/12/2025,100M,100000000,MBB,BUY,100,24140.0,2414000.0,100
23/12/2025,100M,100000000,NLG,BUY,100,31300.0,3130000.0,100
23/12/2025,100M,100000000,VIX,BUY,100,20170.0,2017000.0,100
23/12/2025,250M,250000000,VIC,SELL,400,169900.0,-67960000.0,100
23/12/2025,250M,250000000,DCM,BUY,100,30680.0,3068000.0,100
23/12/2025,250M,250000000,GMD,BUY,1000,57820.0,57820000.0,100
23/12/2025,250M,250000000,MBB,BUY,100,24140.0,2414000.0,100
23/12/2025,250M,250000000,NLG,BUY,100,31300.0,3130000.0,100
23/12/2025,250M,250000000,VSC,BUY,100,20800.0,2080000.0,100
23/12/2025,500M,500000000,VIC,SELL,800,169900.0,-135920000.0,100
23/12/2025,500M,500000000,DCM,BUY,100,30680.0,3068000.0,100
23/12/2025,500M,500000000,GAS,BUY,100,65300.0,6530000.0,100
23/12/2025,500M,500000000,GMD,BUY,1900,57820.0,109858000.0,100
23/12/2025,500M,500000000,KDC,BUY,100,50880.0,5088000.0,100
23/12/2025,500M,500000000,KDH,BUY,100,33000.0,3300000.0,100
23/12/2025,500M,500000000,NLG,BUY,100,31300.0,3130000.0,100
23/12/2025,500M,500000000,VHC,BUY,100,54300.0,5430000.0,100
24/12/2025,500M,500000000,KDH,SELL,100,32950.0,-3295000.0,100
24/12/2025,500M,500000000,VIX,BUY,100,19920.0,1992000.0,100
24/12/2025,500M,500000000,VSC,BUY,100,20800.0,2080000.0,100
25/12/2025,25M,25000000,DXG,SELL,100,15460.0,-1546000.0,100
25/12/2025,25M,25000000,EIB,SELL,100,22000.0,-2200000.0,100
25/12/2025,25M,25000000,GMD,SELL,100,58790.0,-5879000.0,100
25/12/2025,25M,25000000,IMP,SELL,100,49860.0,-4986000.0,100
25/12/2025,25M,25000000,VIC,BUY,100,158000.0,15800000.0,100
25/12/2025,50M,50000000,GMD,SELL,200,58790.0,-11758000.0,100
25/12/2025,50M,50000000,VHC,SELL,100,53000.0,-5300000.0,100
25/12/2025,50M,50000000,VIC,BUY,100,158000.0,15800000.0,100
25/12/2025,100M,100000000,DXG,SELL,100,15460.0,-1546000.0,100
25/12/2025,100M,100000000,DCM,SELL,100,30250.0,-3025000.0,100
25/12/2025,100M,100000000,GMD,SELL,400,58790.0,-23516000.0,100
25/12/2025,100M,100000000,MBB,SELL,100,24040.0,-2404000.0,100
25/12/2025,100M,100000000,NLG,SELL,100,30410.0,-3041000.0,100
25/12/2025,100M,100000000,VIC,BUY,200,158000.0,31600000.0,100
25/12/2025,100M,100000000,VSC,BUY,100,20600.0,2060000.0,100
25/12/2025,250M,250000000,MBB,SELL,100,24040.0,-2404000.0,100
25/12/2025,250M,250000000,GMD,SELL,1000,58790.0,-58790000.0,100
25/12/2025,250M,250000000,VSC,SELL,100,20600.0,-2060000.0,100
25/12/2025,250M,250000000,VIC,BUY,400,158000.0,63200000.0,100
25/12/2025,500M,500000000,GAS,SELL,100,69200.0,-6920000.0,100
25/12/2025,500M,500000000,KDC,SELL,100,51080.0,-5108000.0,100
25/12/2025,500M,500000000,NLG,SELL,100,30410.0,-3041000.0,100
25/12/2025,500M,500000000,VIX,SELL,100,19410.0,-1941000.0,100
25/12/2025,500M,500000000,VSC,SELL,100,20600.0,-2060000.0,100
25/12/2025,500M,500000000,GMD,SELL,1900,58790.0,-111701000.0,100
25/12/2025,500M,500000000,KDH,BUY,100,32150.0,3215000.0,100
25/12/2025,500M,500000000,VIC,BUY,800,158000.0,126400000.0,100
29/12/2025,250M,250000000,KDH,SELL,100,31700.0,-3170000.0,100
29/12/2025,250M,250000000,NLG,SELL,100,30270.0,-3027000.0,100
29/12/2025,250M,250000000,VIX,SELL,100,19240.0,-1924000.0,100
29/12/2025,250M,250000000,CTD,BUY,100,71330.0,7133000.0,100
29/12/2025,500M,500000000,KDH,SELL,100,31700.0,-3170000.0,100
29/12/2025,500M,500000000,VHC,SELL,100,54400.0,-5440000.0,100
29/12/2025,500M,500000000,CTD,BUY,100,71330.0,7133000.0,100
29/12/2025,500M,500000000,VIX,BUY,100,19240.0,1924000.0,100
30/12/2025,250M,250000000,VHC,SELL,100,56600.0,-5660000.0,100
30/12/2025,250M,250000000,DXG,BUY,100,15380.0,1538000.0,100
30/12/2025,250M,250000000,KDH,BUY,100,31500.0,3150000.0,100
30/12/2025,250M,250000000,TCH,BUY,100,18300.0,1830000.0,100
30/12/2025,500M,500000000,VIX,SELL,100,19320.0,-1932000.0,100
30/12/2025,500M,500000000,TCH,BUY,100,18300.0,1830000.0,100
31/12/2025,25M,25000000,VIC,SELL,100,169600.0,-16960000.0,100
31/12/2025,25M,25000000,DXG,BUY,100,15030.0,1503000.0,100
31/12/2025,25M,25000000,EIB,BUY,100,21300.0,2130000.0,100
31/12/2025,25M,25000000,GMD,BUY,100,59280.0,5928000.0,100
31/12/2025,25M,25000000,HAG,BUY,100,17550.0,1755000.0,100
31/12/2025,25M,25000000,IMP,BUY,100,51740.0,5174000.0,100
31/12/2025,50M,50000000,VIC,SELL,100,169600.0,-16960000.0,100
31/12/2025,50M,50000000,GMD,BUY,200,59280.0,11856000.0,100
31/12/2025,50M,50000000,KDC,BUY,100,50780.0,5078000.0,100
31/12/2025,100M,100000000,VIC,SELL,200,169600.0,-33920000.0,100
31/12/2025,100M,100000000,VSC,SELL,100,19950.0,-1995000.0,100
31/12/2025,100M,100000000,DCM,BUY,100,30920.0,3092000.0,100
31/12/2025,100M,100000000,GMD,BUY,400,59280.0,23712000.0,100
31/12/2025,100M,100000000,NLG,BUY,100,29870.0,2987000.0,100
31/12/2025,100M,100000000,VCB,BUY,100,57500.0,5750000.0,100
31/12/2025,250M,250000000,DXG,SELL,100,15030.0,-1503000.0,100
31/12/2025,250M,250000000,VIC,SELL,400,169600.0,-67840000.0,100
31/12/2025,250M,250000000,GMD,BUY,1000,59280.0,59280000.0,100
31/12/2025,250M,250000000,MBB,BUY,100,24330.0,2433000.0,100
31/12/2025,250M,250000000,VHC,BUY,100,56100.0,5610000.0,100
31/12/2025,250M,250000000,VIX,BUY,100,18990.0,1899000.0,100
31/12/2025,500M,500000000,VIC,SELL,800,169600.0,-135680000.0,100
31/12/2025,500M,500000000,GMD,BUY,1900,59280.0,112632000.0,100
31/12/2025,500M,500000000,KDC,BUY,100,50780.0,5078000.0,100
31/12/2025,500M,500000000,KDH,BUY,100,31500.0,3150000.0,100
31/12/2025,500M,500000000,MBB,BUY,100,24330.0,2433000.0,100
31/12/2025,500M,500000000,NLG,BUY,100,29870.0,2987000.0,100
31/12/2025,500M,500000000,PDR,BUY,100,18800.0,1880000.0,100
31/12/2025,500M,500000000,VHC,BUY,100,56100.0,5610000.0,100
31/12/2025,500M,500000000,VIX,BUY,100,18990.0,1899000.0,100
05/01/2026,100M,100000000,DCM,SELL,100,31530.0,-3153000.0,100
05/01/2026,100M,100000000,DXG,BUY,100,14940.0,1494000.0,100
05/01/2026,100M,100000000,HCM,BUY,100,18460.0,1846000.0,100
05/01/2026,500M,500000000,PDR,SELL,100,18700.0,-1870000.0,100
05/01/2026,500M,500000000,DXG,BUY,100,14940.0,1494000.0,100
06/01/2026,25M,25000000,GMD,SELL,100,58690.0,-5869000.0,100
06/01/2026,25M,25000000,HCM,BUY,300,18460.0,5538000.0,100
06/01/2026,50M,50000000,GMD,SELL,200,58690.0,-11738000.0,100
06/01/2026,50M,50000000,HCM,BUY,600,18460.0,11076000.0,100
06/01/2026,50M,50000000,VIX,BUY,100,17720.0,1772000.0,100
06/01/2026,100M,100000000,GMD,SELL,400,58690.0,-23476000.0,100
06/01/2026,100M,100000000,HCM,BUY,1100,18460.0,20306000.0,100
06/01/2026,100M,100000000,MBB,BUY,100,25620.0,2562000.0,100
06/01/2026,250M,250000000,GAS,SELL,100,82800.0,-8280000.0,100
06/01/2026,250M,250000000,MBB,SELL,100,25620.0,-2562000.0,100
06/01/2026,250M,250000000,DCM,SELL,100,31580.0,-3158000.0,100
06/01/2026,250M,250000000,GMD,SELL,1000,58690.0,-58690000.0,100
06/01/2026,250M,250000000,CTD,BUY,100,70470.0,7047000.0,100
06/01/2026,250M,250000000,HCM,BUY,2900,18460.0,53534000.0,100
06/01/2026,250M,250000000,NLG,BUY,100,29920.0,2992000.0,100
06/01/2026,250M,250000000,PDR,BUY,100,18650.0,1865000.0,100
06/01/2026,250M,250000000,VCB,BUY,100,57300.0,5730000.0,100
06/01/2026,250M,250000000,VND,BUY,100,18130.0,1813000.0,100
06/01/2026,500M,500000000,DXG,SELL,100,14630.0,-1463000.0,100
06/01/2026,500M,500000000,GAS,SELL,100,82800.0,-8280000.0,100
06/01/2026,500M,500000000,GMD,SELL,1900,58690.0,-111511000.0,100
06/01/2026,500M,500000000,EIB,BUY,100,21200.0,2120000.0,100
06/01/2026,500M,500000000,HCM,BUY,5900,18460.0,108914000.0,100
06/01/2026,500M,500000000,HDC,BUY,100,18920.0,1892000.0,100
06/01/2026,500M,500000000,PDR,BUY,100,18650.0,1865000.0,100
06/01/2026,500M,500000000,TCH,BUY,100,17250.0,1725000.0,100
06/01/2026,500M,500000000,VCB,BUY,100,57300.0,5730000.0,100
07/01/2026,25M,25000000,DCM,SELL,200,32150.0,-6430000.0,100
07/01/2026,25M,25000000,IMP,SELL,100,51740.0,-5174000.0,100
07/01/2026,25M,25000000,CTD,BUY,100,69040.0,6904000.0,100
07/01/2026,25M,25000000,STB,BUY,100,53400.0,5340000.0,100
07/01/2026,50M,50000000,DCM,SELL,400,32150.0,-12860000.0,100
07/01/2026,50M,50000000,DGW,SELL,100,41930.0,-4193000.0,100
07/01/2026,50M,50000000,CTD,BUY,200,69040.0,13808000.0,100
07/01/2026,100M,100000000,DCM,SELL,700,32150.0,-22505000.0,100
07/01/2026,100M,100000000,VCB,SELL,100,59600.0,-5960000.0,100
07/01/2026,100M,100000000,HCM,SELL,100,18880.0,-1888000.0,100
07/01/2026,100M,100000000,CTD,BUY,400,69040.0,27616000.0,100
07/01/2026,250M,250000000,VCB,SELL,100,59600.0,-5960000.0,100
07/01/2026,250M,250000000,DCM,SELL,1700,32150.0,-54655000.0,100
07/01/2026,250M,250000000,CTD,BUY,800,69040.0,55232000.0,100
07/01/2026,250M,250000000,MBB,BUY,100,25670.0,2567000.0,100
07/01/2026,500M,500000000,EIB,SELL,100,21750.0,-2175000.0,100
07/01/2026,500M,500000000,MBB,SELL,100,25670.0,-2567000.0,100
07/01/2026,500M,500000000,TCH,SELL,100,17600.0,-1760000.0,100
07/01/2026,500M,500000000,DCM,SELL,3500,32150.0,-112525000.0,100
07/01/2026,500M,500000000,CTD,BUY,1700,69040.0,117368000.0,100
08/01/2026,25M,25000000,HCM,SELL,300,19090.0,-5727000.0,100
08/01/2026,25M,25000000,STB,BUY,100,53500.0,5350000.0,100
08/01/2026,50M,50000000,KDC,SELL,100,50490.0,-5049000.0,100
08/01/2026,50M,50000000,HCM,SELL,600,19090.0,-11454000.0,100
08/01/2026,50M,50000000,VIX,SELL,100,18570.0,-1857000.0,100
08/01/2026,50M,50000000,DGW,BUY,100,40220.0,4022000.0,100
08/01/2026,50M,50000000,STB,BUY,300,53500.0,16050000.0,100
08/01/2026,50M,50000000,TCH,BUY,100,17100.0,1710000.0,100
08/01/2026,100M,100000000,DXG,SELL,100,14500.0,-1450000.0,100
08/01/2026,100M,100000000,HCM,SELL,1100,19090.0,-20999000.0,100
08/01/2026,100M,100000000,MBB,SELL,100,25580.0,-2558000.0,100
08/01/2026,100M,100000000,STB,BUY,500,53500.0,26750000.0,100
08/01/2026,100M,100000000,TCH,BUY,100,17100.0,1710000.0,100
08/01/2026,250M,250000000,HCM,SELL,2900,19090.0,-55361000.0,100
08/01/2026,250M,250000000,VND,SELL,100,19240.0,-1924000.0,100
08/01/2026,250M,250000000,STB,BUY,1100,53500.0,58850000.0,100
08/01/2026,500M,500000000,VCB,SELL,100,63700.0,-6370000.0,100
08/01/2026,500M,500000000,HCM,SELL,5900,19090.0,-112631000.0,100
08/01/2026,500M,500000000,EIB,BUY,100,21850.0,2185000.0,100
08/01/2026,500M,500000000,MBB,BUY,100,25580.0,2558000.0,100
08/01/2026,500M,500000000,STB,BUY,2100,53500.0,112350000.0,100
08/01/2026,500M,500000000,TCH,BUY,100,17100.0,1710000.0,100
08/01/2026,500M,500000000,VSC,BUY,100,20600.0,2060000.0,100
09/01/2026,100M,100000000,TCH,SELL,100,15950.0,-1595000.0,100
09/01/2026,100M,100000000,DXG,BUY,100,13620.0,1362000.0,100
09/01/2026,250M,250000000,VCB,SELL,100,68000.0,-6800000.0,100
09/01/2026,250M,250000000,VGC,SELL,100,44800.0,-4480000.0,100
09/01/2026,250M,250000000,MBB,SELL,100,26250.0,-2625000.0,100
09/01/2026,250M,250000000,CTD,SELL,100,68950.0,-6895000.0,100
09/01/2026,250M,250000000,HAG,BUY,100,16600.0,1660000.0,100
09/01/2026,250M,250000000,TCH,BUY,100,15950.0,1595000.0,100
09/01/2026,250M,250000000,VIC,BUY,100,176000.0,17600000.0,100
09/01/2026,500M,500000000,CTD,SELL,100,68950.0,-6895000.0,100
09/01/2026,500M,500000000,MBB,SELL,100,26250.0,-2625000.0,100
09/01/2026,500M,500000000,VCB,SELL,100,68000.0,-6800000.0,100
09/01/2026,500M,500000000,VGC,SELL,100,44800.0,-4480000.0,100
09/01/2026,500M,500000000,VSC,SELL,100,19750.0,-1975000.0,100
09/01/2026,500M,500000000,DXG,BUY,100,13620.0,1362000.0,100
09/01/2026,500M,500000000,HAG,BUY,100,16600.0,1660000.0,100
09/01/2026,500M,500000000,TCH,BUY,100,15950.0,1595000.0,100
09/01/2026,500M,500000000,VIC,BUY,100,176000.0,17600000.0,100
12/01/2026,25M,25000000,PDR,SELL,100,17900.0,-1790000.0,100
12/01/2026,25M,25000000,HDC,SELL,100,18880.0,-1888000.0,100
12/01/2026,25M,25000000,DXG,SELL,100,14150.0,-1415000.0,100
12/01/2026,25M,25000000,EIB,SELL,100,22000.0,-2200000.0,100
12/01/2026,25M,25000000,HAG,SELL,100,17100.0,-1710000.0,100
12/01/2026,25M,25000000,CTD,SELL,100,71420.0,-7142000.0,100
12/01/2026,25M,25000000,VIC,BUY,100,163700.0,16370000.0,100
12/01/2026,50M,50000000,TCH,SELL,100,16300.0,-1630000.0,100
12/01/2026,50M,50000000,CTD,SELL,200,71420.0,-14284000.0,100
12/01/2026,50M,50000000,DGW,SELL,100,42670.0,-4267000.0,100
12/01/2026,50M,50000000,KDH,BUY,100,29200.0,2920000.0,100
12/01/2026,50M,50000000,VIC,BUY,100,163700.0,16370000.0,100
12/01/2026,100M,100000000,VIX,SELL,100,19280.0,-1928000.0,100
12/01/2026,100M,100000000,NLG,SELL,100,29430.0,-2943000.0,100
12/01/2026,100M,100000000,CTD,SELL,400,71420.0,-28568000.0,100
12/01/2026,100M,100000000,VIC,BUY,200,163700.0,32740000.0,100
12/01/2026,250M,250000000,HAG,SELL,100,17100.0,-1710000.0,100
12/01/2026,250M,250000000,TCH,SELL,100,16300.0,-1630000.0,100
12/01/2026,250M,250000000,CTD,SELL,700,71420.0,-49994000.0,100
12/01/2026,250M,250000000,MBB,BUY,100,27120.0,2712000.0,100
12/01/2026,250M,250000000,NT2,BUY,100,24400.0,2440000.0,100
12/01/2026,250M,250000000,VIC,BUY,300,163700.0,49110000.0,100
12/01/2026,500M,500000000,CTD,SELL,1600,71420.0,-114272000.0,100
12/01/2026,500M,500000000,EIB,SELL,100,22000.0,-2200000.0,100
12/01/2026,500M,500000000,TCH,SELL,100,16300.0,-1630000.0,100
12/01/2026,500M,500000000,DXG,BUY,100,14150.0,1415000.0,100
12/01/2026,500M,500000000,MBB,BUY,100,27120.0,2712000.0,100
12/01/2026,500M,500000000,VIC,BUY,700,163700.0,114590000.0,100
13/01/2026,250M,250000000,CTD,SELL,100,73420.0,-7342000.0,100
13/01/2026,250M,250000000,HAG,BUY,100,17300.0,1730000.0,100
13/01/2026,250M,250000000,SJS,BUY,100,57300.0,5730000.0,100
13/01/2026,500M,500000000,DXG,SELL,100,14240.0,-1424000.0,100
13/01/2026,500M,500000000,MBB,SELL,100,26490.0,-2649000.0,100
13/01/2026,500M,500000000,NLG,SELL,100,30360.0,-3036000.0,100
13/01/2026,500M,500000000,STB,BUY,100,54100.0,5410000.0,100
13/01/2026,500M,500000000,TCH,BUY,100,16450.0,1645000.0,100
14/01/2026,50M,50000000,VGC,SELL,100,48600.0,-4860000.0,100
14/01/2026,50M,50000000,KDC,BUY,100,50400.0,5040000.0,100
14/01/2026,250M,250000000,NT2,SELL,100,25600.0,-2560000.0,100
14/01/2026,250M,250000000,TCH,BUY,100,15950.0,1595000.0,100
14/01/2026,500M,500000000,CTD,SELL,100,73420.0,-7342000.0,100
14/01/2026,500M,500000000,STB,SELL,100,54100.0,-5410000.0,100
14/01/2026,500M,500000000,BSI,BUY,100,38340.0,3834000.0,100
14/01/2026,500M,500000000,MBB,BUY,100,26110.0,2611000.0,100
14/01/2026,500M,500000000,NLG,BUY,100,30410.0,3041000.0,100
14/01/2026,500M,500000000,VND,BUY,100,20020.0,2002000.0,100
15/01/2026,25M,25000000,STB,SELL,200,57800.0,-11560000.0,100
15/01/2026,25M,25000000,CTD,BUY,100,71710.0,7171000.0,100
15/01/2026,25M,25000000,HDC,BUY,100,18750.0,1875000.0,100
15/01/2026,25M,25000000,PDR,BUY,100,17850.0,1785000.0,100
15/01/2026,50M,50000000,IMP,SELL,100,52920.0,-5292000.0,100
15/01/2026,50M,50000000,STB,SELL,300,57800.0,-17340000.0,100
15/01/2026,50M,50000000,KDH,SELL,100,30100.0,-3010000.0,100
15/01/2026,50M,50000000,CTD,BUY,200,71710.0,14342000.0,100
15/01/2026,50M,50000000,TCH,BUY,100,15950.0,1595000.0,100
15/01/2026,100M,100000000,VGC,SELL,100,48900.0,-4890000.0,100
15/01/2026,100M,100000000,DGW,SELL,100,41980.0,-4198000.0,100
15/01/2026,100M,100000000,VHC,SELL,100,59500.0,-5950000.0,100
15/01/2026,100M,100000000,STB,SELL,500,57800.0,-28900000.0,100
15/01/2026,100M,100000000,CTD,BUY,400,71710.0,28684000.0,100
15/01/2026,100M,100000000,VIC,BUY,100,153000.0,15300000.0,100
15/01/2026,250M,250000000,STB,SELL,1100,57800.0,-63580000.0,100
15/01/2026,250M,250000000,BSI,BUY,100,37520.0,3752000.0,100
15/01/2026,250M,250000000,CTD,BUY,800,71710.0,57368000.0,100
15/01/2026,250M,250000000,DBC,BUY,100,24950.0,2495000.0,100
15/01/2026,500M,500000000,BSI,SELL,100,37520.0,-3752000.0,100
15/01/2026,500M,500000000,BVH,SELL,100,73200.0,-7320000.0,100
15/01/2026,500M,500000000,MBB,SELL,100,26200.0,-2620000.0,100
15/01/2026,500M,500000000,NLG,SELL,100,30610.0,-3061000.0,100
15/01/2026,500M,500000000,STB,SELL,2100,57800.0,-121380000.0,100
15/01/2026,500M,500000000,CTD,BUY,1700,71710.0,121907000.0,100
15/01/2026,500M,500000000,VIC,BUY,100,153000.0,15300000.0,100
15/01/2026,500M,500000000,VSC,BUY,100,21950.0,2195000.0,100
16/01/2026,50M,50000000,TCH,SELL,100,15900.0,-1590000.0,100
16/01/2026,50M,50000000,KDC,SELL,100,50300.0,-5030000.0,100
16/01/2026,50M,50000000,VIC,BUY,100,159900.0,15990000.0,100
16/01/2026,100M,100000000,VIC,SELL,100,159900.0,-15990000.0,100
16/01/2026,100M,100000000,DGW,BUY,100,44910.0,4491000.0,100
16/01/2026,100M,100000000,TCH,BUY,100,15900.0,1590000.0,100
16/01/2026,100M,100000000,VGC,BUY,100,48000.0,4800000.0,100
16/01/2026,100M,100000000,VHC,BUY,100,60100.0,6010000.0,100
16/01/2026,500M,500000000,VIC,SELL,100,159900.0,-15990000.0,100
16/01/2026,500M,500000000,VSC,SELL,100,21750.0,-2175000.0,100
16/01/2026,500M,500000000,CII,BUY,100,18650.0,1865000.0,100
16/01/2026,500M,500000000,DBC,BUY,200,24680.0,4936000.0,100
16/01/2026,500M,500000000,MBB,BUY,100,26010.0,2601000.0,100
16/01/2026,500M,500000000,NLG,BUY,100,30070.0,3007000.0,100
16/01/2026,500M,500000000,SJS,BUY,100,57500.0,5750000.0,100
19/01/2026,25M,25000000,CTD,SELL,100,73330.0,-7333000.0,100
19/01/2026,25M,25000000,DCM,BUY,200,33180.0,6636000.0,100
19/01/2026,25M,25000000,DXG,BUY,100,13800.0,1380000.0,100
19/01/2026,50M,50000000,DXG,SELL,100,13800.0,-1380000.0,100
19/01/2026,50M,50000000,HAG,SELL,100,17550.0,-1755000.0,100
19/01/2026,50M,50000000,CTD,SELL,200,73330.0,-14666000.0,100
19/01/2026,50M,50000000,DCM,BUY,400,33180.0,13272000.0,100
19/01/2026,50M,50000000,IMP,BUY,100,53710.0,5371000.0,100
19/01/2026,100M,100000000,TCH,SELL,100,16000.0,-1600000.0,100
19/01/2026,100M,100000000,CTD,SELL,400,73330.0,-29332000.0,100
19/01/2026,100M,100000000,DCM,BUY,800,33180.0,26544000.0,100
19/01/2026,100M,100000000,DXG,BUY,100,13800.0,1380000.0,100
19/01/2026,100M,100000000,NLG,BUY,100,29530.0,2953000.0,100
19/01/2026,250M,250000000,CTD,SELL,800,73330.0,-58664000.0,100
19/01/2026,250M,250000000,BSI,SELL,100,37240.0,-3724000.0,100
19/01/2026,250M,250000000,DBC,SELL,100,24680.0,-2468000.0,100
19/01/2026,250M,250000000,DCM,BUY,1800,33180.0,59724000.0,100
19/01/2026,250M,250000000,SJS,BUY,100,57400.0,5740000.0,100
19/01/2026,500M,500000000,CTD,SELL,1600,73330.0,-117328000.0,100
19/01/2026,500M,500000000,DBC,SELL,100,24680.0,-2468000.0,100
19/01/2026,500M,500000000,VND,SELL,100,19970.0,-1997000.0,100
19/01/2026,500M,500000000,DCM,BUY,3500,33180.0,116130000.0,100
19/01/2026,500M,500000000,HDC,BUY,100,18570.0,1857000.0,100
20/01/2026,100M,100000000,DXG,SELL,100,13580.0,-1358000.0,100
20/01/2026,250M,250000000,SJS,SELL,100,57000.0,-5700000.0,100
20/01/2026,250M,250000000,BSI,BUY,100,36340.0,3634000.0,100
20/01/2026,250M,250000000,DBC,BUY,100,24550.0,2455000.0,100
20/01/2026,500M,500000000,SJS,SELL,100,57000.0,-5700000.0,100
20/01/2026,500M,500000000,CII,SELL,100,18500.0,-1850000.0,100
20/01/2026,500M,500000000,CTD,BUY,100,71610.0,7161000.0,100
20/01/2026,500M,500000000,DBC,BUY,100,24550.0,2455000.0,100
20/01/2026,500M,500000000,PDR,BUY,100,17500.0,1750000.0,100
21/01/2026,25M,25000000,DCM,SELL,200,33560.0,-6712000.0,100
21/01/2026,25M,25000000,CTD,BUY,100,70570.0,7057000.0,100
21/01/2026,50M,50000000,DCM,SELL,400,33560.0,-13424000.0,100
21/01/2026,50M,50000000,IMP,SELL,100,52820.0,-5282000.0,100
21/01/2026,50M,50000000,CTD,BUY,200,70570.0,14114000.0,100
21/01/2026,50M,50000000,DXG,BUY,100,13360.0,1336000.0,100
21/01/2026,50M,50000000,HAG,BUY,100,17850.0,1785000.0,100
21/01/2026,50M,50000000,TCH,BUY,100,15100.0,1510000.0,100
21/01/2026,100M,100000000,DCM,SELL,800,33560.0,-26848000.0,100
21/01/2026,100M,100000000,NLG,SELL,100,29240.0,-2924000.0,100
21/01/2026,100M,100000000,CTD,BUY,400,70570.0,28228000.0,100
21/01/2026,100M,100000000,TCH,BUY,200,15100.0,3020000.0,100
21/01/2026,250M,250000000,HAG,SELL,100,17850.0,-1785000.0,100
21/01/2026,250M,250000000,DCM,SELL,1800,33560.0,-60408000.0,100
21/01/2026,250M,250000000,CTD,BUY,800,70570.0,56456000.0,100
21/01/2026,250M,250000000,HDG,BUY,100,23130.0,2313000.0,100
21/01/2026,500M,500000000,DBC,SELL,200,24900.0,-4980000.0,100
21/01/2026,500M,500000000,HAG,SELL,100,17850.0,-1785000.0,100
21/01/2026,500M,500000000,HDC,SELL,100,18570.0,-1857000.0,100
21/01/2026,500M,500000000,PDR,SELL,100,17400.0,-1740000.0,100
21/01/2026,500M,500000000,DCM,SELL,3500,33560.0,-117460000.0,100
21/01/2026,500M,500000000,CTD,BUY,1600,70570.0,112912000.0,100
21/01/2026,500M,500000000,EIB,BUY,100,22200.0,2220000.0,100
21/01/2026,500M,500000000,SJS,BUY,200,57500.0,11500000.0,100
22/01/2026,25M,25000000,HDC,SELL,100,19830.0,-1983000.0,100
22/01/2026,25M,25000000,DXG,SELL,100,13840.0,-1384000.0,100
22/01/2026,25M,25000000,EIB,BUY,100,22400.0,2240000.0,100
22/01/2026,100M,100000000,TCH,SELL,200,16050.0,-3210000.0,100
22/01/2026,100M,100000000,KDH,SELL,100,29300.0,-2930000.0,100
22/01/2026,100M,100000000,DGW,SELL,100,43940.0,-4394000.0,100
22/01/2026,100M,100000000,VHC,SELL,100,60800.0,-6080000.0,100
22/01/2026,100M,100000000,VIC,BUY,100,161100.0,16110000.0,100
22/01/2026,250M,250000000,TCH,SELL,100,16050.0,-1605000.0,100
22/01/2026,500M,500000000,TCH,SELL,100,16050.0,-1605000.0,100
22/01/2026,500M,500000000,VND,BUY,100,18660.0,1866000.0,100
23/01/2026,100M,100000000,VIC,SELL,100,165400.0,-16540000.0,100
23/01/2026,100M,100000000,DGW,BUY,100,44670.0,4467000.0,100
23/01/2026,100M,100000000,KDH,BUY,100,28900.0,2890000.0,100
23/01/2026,100M,100000000,TCH,BUY,100,15350.0,1535000.0,100
23/01/2026,100M,100000000,VHC,BUY,100,59000.0,5900000.0,100
23/01/2026,100M,100000000,VIX,BUY,100,20510.0,2051000.0,100
23/01/2026,250M,250000000,MBB,SELL,100,25910.0,-2591000.0,100
23/01/2026,250M,250000000,BSI,SELL,100,35470.0,-3547000.0,100
23/01/2026,250M,250000000,DBC,SELL,100,24820.0,-2482000.0,100
23/01/2026,250M,250000000,HDG,SELL,100,23490.0,-2349000.0,100
23/01/2026,250M,250000000,CTD,BUY,100,71040.0,7104000.0,100
23/01/2026,250M,250000000,TCH,BUY,100,15350.0,1535000.0,100
23/01/2026,250M,250000000,VCB,BUY,100,68600.0,6860000.0,100
23/01/2026,500M,500000000,MBB,SELL,100,25910.0,-2591000.0,100
23/01/2026,500M,500000000,SJS,SELL,100,57600.0,-5760000.0,100
23/01/2026,500M,500000000,TCH,BUY,100,15350.0,1535000.0,100
23/01/2026,500M,500000000,VCB,BUY,100,68600.0,6860000.0,100
26/01/2026,25M,25000000,CTD,SELL,100,73230.0,-7323000.0,100
26/01/2026,25M,25000000,HDC,BUY,100,18230.0,1823000.0,100
26/01/2026,25M,25000000,TCH,BUY,400,14600.0,5840000.0,100
26/01/2026,50M,50000000,CTD,SELL,200,73230.0,-14646000.0,100
26/01/2026,50M,50000000,HAG,SELL,100,16700.0,-1670000.0,100
26/01/2026,50M,50000000,IMP,BUY,100,53120.0,5312000.0,100
26/01/2026,50M,50000000,TCH,BUY,700,14600.0,10220000.0,100
26/01/2026,100M,100000000,CTD,SELL,400,73230.0,-29292000.0,100
26/01/2026,100M,100000000,MBB,BUY,100,25100.0,2510000.0,100
26/01/2026,100M,100000000,NLG,BUY,100,28800.0,2880000.0,100
26/01/2026,100M,100000000,TCH,BUY,1600,14600.0,23360000.0,100
26/01/2026,250M,250000000,CTD,SELL,900,73230.0,-65907000.0,100
26/01/2026,250M,250000000,BSI,BUY,100,34930.0,3493000.0,100
26/01/2026,250M,250000000,DBC,BUY,100,24290.0,2429000.0,100
26/01/2026,250M,250000000,HAG,BUY,100,16700.0,1670000.0,100
26/01/2026,250M,250000000,MBB,BUY,100,25100.0,2510000.0,100
26/01/2026,250M,250000000,SJS,BUY,100,56900.0,5690000.0,100
26/01/2026,250M,250000000,TCH,BUY,3400,14600.0,49640000.0,100
26/01/2026,500M,500000000,CTD,SELL,1700,73230.0,-124491000.0,100
26/01/2026,500M,500000000,VCB,SELL,100,69600.0,-6960000.0,100
26/01/2026,500M,500000000,VND,SELL,100,17980.0,-1798000.0,100
26/01/2026,500M,500000000,BVH,BUY,100,67800.0,6780000.0,100
26/01/2026,500M,500000000,HAG,BUY,100,16700.0,1670000.0,100
26/01/2026,500M,500000000,MBB,BUY,100,25100.0,2510000.0,100
26/01/2026,500M,500000000,PDR,BUY,100,17350.0,1735000.0,100
26/01/2026,500M,500000000,TCH,BUY,8000,14600.0,116800000.0,100
26/01/2026,500M,500000000,VGC,BUY,100,46100.0,4610000.0,100
27/01/2026,100M,100000000,TCH,SELL,100,14600.0,-1460000.0,100
27/01/2026,100M,100000000,VHC,SELL,100,58500.0,-5850000.0,100
27/01/2026,100M,100000000,VIX,SELL,100,19070.0,-1907000.0,100
27/01/2026,250M,250000000,CTD,SELL,100,73610.0,-7361000.0,100
27/01/2026,250M,250000000,VCB,SELL,100,70600.0,-7060000.0,100
27/01/2026,250M,250000000,TCH,BUY,400,14600.0,5840000.0,100
27/01/2026,500M,500000000,CTD,SELL,100,73610.0,-7361000.0,100
27/01/2026,500M,500000000,PDR,SELL,100,17300.0,-1730000.0,100
27/01/2026,500M,500000000,TCH,SELL,100,14600.0,-1460000.0,100
27/01/2026,500M,500000000,VGC,SELL,100,45000.0,-4500000.0,100
27/01/2026,500M,500000000,VIC,BUY,100,151000.0,15100000.0,100
28/01/2026,25M,25000000,TCH,SELL,400,15500.0,-6200000.0,100
28/01/2026,25M,25000000,HDC,SELL,100,18700.0,-1870000.0,100
28/01/2026,25M,25000000,CTD,BUY,100,72850.0,7285000.0,100
28/01/2026,25M,25000000,DXG,BUY,100,13360.0,1336000.0,100
28/01/2026,50M,50000000,TCH,SELL,800,15500.0,-12400000.0,100
28/01/2026,50M,50000000,DXG,SELL,100,13360.0,-1336000.0,100
28/01/2026,50M,50000000,CTD,BUY,200,72850.0,14570000.0,100
28/01/2026,100M,100000000,TCH,SELL,1600,15500.0,-24800000.0,100
28/01/2026,100M,100000000,DGW,SELL,100,42960.0,-4296000.0,100
28/01/2026,100M,100000000,MBB,SELL,100,25530.0,-2553000.0,100
28/01/2026,100M,100000000,NLG,SELL,100,28450.0,-2845000.0,100
28/01/2026,100M,100000000,CTD,BUY,400,72850.0,29140000.0,100
28/01/2026,100M,100000000,DXG,BUY,100,13360.0,1336000.0,100
28/01/2026,100M,100000000,VIC,BUY,100,140500.0,14050000.0,100
28/01/2026,250M,250000000,TCH,SELL,3800,15500.0,-58900000.0,100
28/01/2026,250M,250000000,SJS,SELL,100,53800.0,-5380000.0,100
28/01/2026,250M,250000000,BSI,SELL,100,34790.0,-3479000.0,100
28/01/2026,250M,250000000,DBC,SELL,100,24900.0,-2490000.0,100
28/01/2026,250M,250000000,CTD,BUY,900,72850.0,65565000.0,100
28/01/2026,250M,250000000,VIC,BUY,100,140500.0,14050000.0,100
28/01/2026,500M,500000000,MBB,SELL,100,25530.0,-2553000.0,100
28/01/2026,500M,500000000,NLG,SELL,100,28450.0,-2845000.0,100
28/01/2026,500M,500000000,TCH,SELL,7900,15500.0,-122450000.0,100
28/01/2026,500M,500000000,CTD,BUY,1700,72850.0,123845000.0,100
28/01/2026,500M,500000000,VND,BUY,100,18080.0,1808000.0,100
28/01/2026,500M,500000000,VSC,BUY,100,20100.0,2010000.0,100
29/01/2026,250M,250000000,HAG,SELL,100,17100.0,-1710000.0,100
29/01/2026,250M,250000000,VCG,BUY,100,16890.0,1689000.0,100
29/01/2026,500M,500000000,DGW,SELL,100,45940.0,-4594000.0,100
29/01/2026,500M,500000000,HAG,SELL,100,17100.0,-1710000.0,100
29/01/2026,500M,500000000,VHC,SELL,100,65000.0,-6500000.0,100
29/01/2026,500M,500000000,VSC,SELL,100,20550.0,-2055000.0,100
29/01/2026,500M,500000000,VIC,BUY,100,140500.0,14050000.0,100
30/01/2026,250M,250000000,TCH,SELL,100,15700.0,-1570000.0,100
30/01/2026,500M,500000000,VGC,SELL,100,50100.0,-5010000.0,100
30/01/2026,500M,500000000,CII,BUY,100,18450.0,1845000.0,100
30/01/2026,500M,500000000,DBC,BUY,100,24820.0,2482000.0,100
30/01/2026,500M,500000000,HAG,BUY,100,17250.0,1725000.0,100
02/02/2026,25M,25000000,CTD,SELL,100,74950.0,-7495000.0,100
02/02/2026,25M,25000000,DXG,SELL,100,13360.0,-1336000.0,100
02/02/2026,25M,25000000,HDC,BUY,100,18700.0,1870000.0,100
02/02/2026,25M,25000000,TCH,BUY,400,15400.0,6160000.0,100
02/02/2026,50M,50000000,CTD,SELL,200,74950.0,-14990000.0,100
02/02/2026,50M,50000000,DXG,BUY,200,13360.0,2672000.0,100
02/02/2026,50M,50000000,HAG,BUY,100,17350.0,1735000.0,100
02/02/2026,50M,50000000,TCH,BUY,700,15400.0,10780000.0,100
02/02/2026,100M,100000000,DXG,SELL,100,13360.0,-1336000.0,100
02/02/2026,100M,100000000,CTD,SELL,400,74950.0,-29980000.0,100
02/02/2026,100M,100000000,TCH,BUY,1500,15400.0,23100000.0,100
02/02/2026,100M,100000000,VHC,BUY,100,69200.0,6920000.0,100
02/02/2026,250M,250000000,CTD,SELL,800,74950.0,-59960000.0,100
02/02/2026,250M,250000000,VCG,SELL,100,17070.0,-1707000.0,100
02/02/2026,250M,250000000,DXG,BUY,100,13360.0,1336000.0,100
02/02/2026,250M,250000000,SJS,BUY,100,52000.0,5200000.0,100
02/02/2026,250M,250000000,TCH,BUY,3700,15400.0,56980000.0,100
02/02/2026,500M,500000000,CTD,SELL,1600,74950.0,-119920000.0,100
02/02/2026,500M,500000000,BVH,SELL,100,74600.0,-7460000.0,100
02/02/2026,500M,500000000,MBB,BUY,100,26250.0,2625000.0,100
02/02/2026,500M,500000000,NLG,BUY,100,28210.0,2821000.0,100
02/02/2026,500M,500000000,SJS,BUY,100,52000.0,5200000.0,100
02/02/2026,500M,500000000,TCH,BUY,7300,15400.0,112420000.0,100
03/02/2026,250M,250000000,DXG,SELL,100,13400.0,-1340000.0,100
03/02/2026,250M,250000000,CTD,SELL,100,80190.0,-8019000.0,100
03/02/2026,250M,250000000,BSI,BUY,100,35340.0,3534000.0,100
03/02/2026,250M,250000000,DBC,BUY,100,24770.0,2477000.0,100
03/02/2026,250M,250000000,HAG,BUY,100,17350.0,1735000.0,100
03/02/2026,250M,250000000,TCH,BUY,100,15500.0,1550000.0,100
03/02/2026,500M,500000000,CTD,SELL,100,80190.0,-8019000.0,100
03/02/2026,500M,500000000,DBC,SELL,100,24770.0,-2477000.0,100
03/02/2026,500M,500000000,DGW,SELL,100,54680.0,-5468000.0,100
03/02/2026,500M,500000000,MBB,SELL,100,26640.0,-2664000.0,100
03/02/2026,500M,500000000,SJS,SELL,100,51600.0,-5160000.0,100
03/02/2026,500M,500000000,CII,SELL,100,18250.0,-1825000.0,100
03/02/2026,500M,500000000,KDH,BUY,100,26850.0,2685000.0,100
03/02/2026,500M,500000000,TCH,BUY,100,15500.0,1550000.0,100
03/02/2026,500M,500000000,VGC,BUY,100,56100.0,5610000.0,100
03/02/2026,500M,500000000,VHC,BUY,100,68200.0,6820000.0,100
03/02/2026,500M,500000000,VIC,BUY,100,130699.99999999999,13069999.999999998,100
04/02/2026,50M,50000000,DXG,SELL,100,13530.0,-1353000.0,100
04/02/2026,50M,50000000,HAG,SELL,100,17350.0,-1735000.0,100
04/02/2026,50M,50000000,KDH,BUY,100,26850.0,2685000.0,100
04/02/2026,250M,250000000,HAG,SELL,100,17350.0,-1735000.0,100
04/02/2026,250M,250000000,TCH,SELL,100,15400.0,-1540000.0,100
04/02/2026,250M,250000000,SJS,SELL,100,50000.0,-5000000.0,100
04/02/2026,250M,250000000,VSC,BUY,100,22100.0,2210000.0,100
04/02/2026,500M,500000000,HAG,SELL,100,17350.0,-1735000.0,100
04/02/2026,500M,500000000,HDC,SELL,100,19050.0,-1905000.0,100
04/02/2026,500M,500000000,KDH,SELL,100,26850.0,-2685000.0,100
04/02/2026,500M,500000000,TCH,SELL,100,15400.0,-1540000.0,100
04/02/2026,500M,500000000,VHC,SELL,100,68200.0,-6820000.0,100
04/02/2026,500M,500000000,DGW,BUY,100,54680.0,5468000.0,100
04/02/2026,500M,500000000,MBB,BUY,100,26730.0,2673000.0,100
04/02/2026,500M,500000000,SJS,BUY,100,50000.0,5000000.0,100
04/02/2026,500M,500000000,VCG,BUY,100,17070.0,1707000.0,100
05/02/2026,250M,250000000,IMP,SELL,100,53410.0,-5341000.0,100
05/02/2026,250M,250000000,SJS,BUY,100,50400.0,5040000.0,100
05/02/2026,250M,250000000,VCG,BUY,100,16800.0,1680000.0,100
05/02/2026,500M,500000000,VIC,SELL,100,130100.0,-13010000.0,100
05/02/2026,500M,500000000,VCG,SELL,100,16800.0,-1680000.0,100
05/02/2026,500M,500000000,DBC,BUY,100,25040.0,2504000.0,100
05/02/2026,500M,500000000,HAG,BUY,100,17000.0,1700000.0,100
05/02/2026,500M,500000000,TCH,BUY,100,15400.0,1540000.0,100
05/02/2026,500M,500000000,VHC,BUY,100,63500.0,6350000.0,100
05/02/2026,500M,500000000,VSC,BUY,100,21600.0,2160000.0,100
06/02/2026,100M,100000000,VGC,SELL,100,53000.0,-5300000.0,100
06/02/2026,100M,100000000,NLG,BUY,100,26540.0,2654000.0,100
06/02/2026,100M,100000000,TCH,BUY,100,14700.0,1470000.0,100
06/02/2026,100M,100000000,VIX,BUY,100,17890.0,1789000.0,100
06/02/2026,250M,250000000,BSI,SELL,100,34060.0,-3406000.0,100
06/02/2026,250M,250000000,DBC,SELL,100,23930.0,-2393000.0,100
06/02/2026,250M,250000000,HAG,BUY,100,16100.000000000002,1610000.0000000002,100
06/02/2026,250M,250000000,KDH,BUY,100,25400.0,2540000.0,100
06/02/2026,250M,250000000,TCH,BUY,100,14700.0,1470000.0,100
06/02/2026,500M,500000000,DBC,SELL,100,23930.0,-2393000.0,100
06/02/2026,500M,500000000,IMP,SELL,100,53310.0,-5331000.0,100
06/02/2026,500M,500000000,SJS,SELL,100,49900.0,-4990000.0,100
06/02/2026,500M,500000000,VSC,SELL,100,22300.0,-2230000.0,100
06/02/2026,500M,500000000,VND,SELL,100,17150.0,-1715000.0,100
06/02/2026,500M,500000000,CII,BUY,100,17100.0,1710000.0,100
06/02/2026,500M,500000000,DXG,BUY,100,12560.0,1256000.0,100
06/02/2026,500M,500000000,HDC,BUY,100,18310.0,1831000.0,100
06/02/2026,500M,500000000,KDH,BUY,100,25400.0,2540000.0,100
06/02/2026,500M,500000000,TCH,BUY,200,14700.0,2940000.0,100
06/02/2026,500M,500000000,VCB,BUY,100,65099.99999999999,6509999.999999999,100
09/02/2026,25M,25000000,TCH,SELL,400,15000.0,-6000000.0,100
09/02/2026,25M,25000000,VCG,BUY,400,16180.0,6472000.0,100
09/02/2026,50M,50000000,TCH,SELL,700,15000.0,-10500000.0,100
09/02/2026,50M,50000000,KDH,SELL,100,26550.0,-2655000.0,100
09/02/2026,50M,50000000,VCG,BUY,800,16180.0,12944000.0,100
09/02/2026,100M,100000000,TCH,SELL,1600,15000.0,-24000000.0,100
09/02/2026,100M,100000000,VHC,SELL,100,60000.0,-6000000.0,100
09/02/2026,100M,100000000,DGW,BUY,100,50960.0,5096000.0,100
09/02/2026,100M,100000000,VCG,BUY,1500,16180.0,24270000.0,100
09/02/2026,250M,250000000,KDH,SELL,100,26550.0,-2655000.0,100
09/02/2026,250M,250000000,TCH,SELL,3700,15000.0,-55500000.0,100
09/02/2026,250M,250000000,VCB,BUY,100,65000.0,6500000.0,100
09/02/2026,250M,250000000,VCG,BUY,3500,16180.0,56630000.0,100
09/02/2026,500M,500000000,DXG,SELL,100,13180.0,-1318000.0,100
09/02/2026,500M,500000000,KDH,SELL,100,26550.0,-2655000.0,100
09/02/2026,500M,500000000,TCH,SELL,7600,15000.0,-114000000.0,100
09/02/2026,500M,500000000,VCB,SELL,100,65000.0,-6500000.0,100
09/02/2026,500M,500000000,BSI,BUY,100,34110.0,3411000.0,100
09/02/2026,500M,500000000,SJS,BUY,100,48700.0,4870000.0,100
09/02/2026,500M,500000000,VCG,BUY,7200,16180.0,116496000.0,100
10/02/2026,100M,100000000,NLG,SELL,100,26980.0,-2698000.0,100
10/02/2026,100M,100000000,VIX,SELL,100,17890.0,-1789000.0,100
10/02/2026,100M,100000000,VGC,BUY,100,48200.0,4820000.0,100
10/02/2026,500M,500000000,BSI,SELL,100,34160.0,-3416000.0,100
10/02/2026,500M,500000000,MBB,SELL,100,26780.0,-2678000.0,100
10/02/2026,500M,500000000,NLG,SELL,100,26980.0,-2698000.0,100
10/02/2026,500M,500000000,SJS,SELL,100,47900.0,-4790000.0,100
10/02/2026,500M,500000000,VIX,SELL,100,17890.0,-1789000.0,100
10/02/2026,500M,500000000,DGW,BUY,100,47400.0,4740000.0,100
10/02/2026,500M,500000000,DXG,BUY,200,12920.0,2584000.0,100
10/02/2026,500M,500000000,VCB,BUY,100,63100.0,6310000.0,100
10/02/2026,500M,500000000,VCG,BUY,100,16180.0,1618000.0,100
11/02/2026,100M,100000000,DGW,SELL,100,49210.0,-4921000.0,100
11/02/2026,100M,100000000,DBC,BUY,100,23490.0,2349000.0,100
11/02/2026,100M,100000000,VCG,BUY,100,16400.0,1640000.0,100
11/02/2026,100M,100000000,VIX,BUY,100,18740.0,1874000.0,100
11/02/2026,250M,250000000,TCH,SELL,100,16100.000000000002,-1610000.0000000002,100
11/02/2026,250M,250000000,VCB,SELL,100,64700.0,-6470000.0,100
11/02/2026,250M,250000000,DBC,BUY,200,23490.0,4698000.0,100
11/02/2026,250M,250000000,VCG,BUY,200,16400.0,3280000.0,100
11/02/2026,500M,500000000,DXG,SELL,200,13750.0,-2750000.0,100
11/02/2026,500M,500000000,TCH,SELL,100,16100.000000000002,-1610000.0000000002,100
11/02/2026,500M,500000000,VCB,SELL,100,64700.0,-6470000.0,100
11/02/2026,500M,500000000,VIC,SELL,100,150800.0,-15080000.0,100
11/02/2026,500M,500000000,DBC,BUY,200,23490.0,4698000.0,100
11/02/2026,500M,500000000,IMP,BUY,100,53120.0,5312000.0,100
11/02/2026,500M,500000000,KDH,BUY,100,28550.0,2855000.0,100
11/02/2026,500M,500000000,NLG,BUY,100,28350.0,2835000.0,100
11/02/2026,500M,500000000,SJS,BUY,100,48600.0,4860000.0,100
11/02/2026,500M,500000000,VCG,BUY,200,16400.0,3280000.0,100
11/02/2026,500M,500000000,VIX,BUY,100,18740.0,1874000.0,100
12/02/2026,25M,25000000,EIB,SELL,100,22350.0,-2235000.0,100
12/02/2026,25M,25000000,HDC,SELL,100,18570.0,-1857000.0,100
12/02/2026,25M,25000000,VCG,SELL,400,16710.0,-6684000.0,100
12/02/2026,25M,25000000,DXG,BUY,100,13840.0,1384000.0,100
12/02/2026,25M,25000000,SJS,BUY,200,48700.0,9740000.0,100
12/02/2026,50M,50000000,DXG,SELL,100,13840.0,-1384000.0,100
12/02/2026,50M,50000000,VCG,SELL,800,16710.0,-13368000.0,100
12/02/2026,50M,50000000,SJS,BUY,300,48700.0,14610000.0,100
12/02/2026,100M,100000000,VCG,SELL,1500,16710.0,-25065000.0,100
12/02/2026,100M,100000000,SJS,BUY,500,48700.0,24350000.0,100
12/02/2026,250M,250000000,NLG,SELL,100,29140.0,-2914000.0,100
12/02/2026,250M,250000000,VSC,SELL,100,24300.0,-2430000.0,100
12/02/2026,250M,250000000,VCG,SELL,3600,16710.0,-60156000.0,100
12/02/2026,250M,250000000,BSI,BUY,100,34610.0,3461000.0,100
12/02/2026,250M,250000000,IMP,BUY,100,53020.0,5302000.0,100
12/02/2026,250M,250000000,SJS,BUY,1100,48700.0,53570000.0,100
12/02/2026,500M,500000000,DBC,SELL,100,23630.0,-2363000.0,100
12/02/2026,500M,500000000,KDH,SELL,100,28500.0,-2850000.0,100
12/02/2026,500M,500000000,VCG,SELL,7400,16710.0,-123654000.0,100
12/02/2026,500M,500000000,CII,SELL,100,17700.0,-1770000.0,100
12/02/2026,500M,500000000,BSI,BUY,100,34610.0,3461000.0,100
12/02/2026,500M,500000000,MBB,BUY,100,27260.0,2726000.0,100
12/02/2026,500M,500000000,SJS,BUY,2500,48700.0,121750000.0,100
13/02/2026,100M,100000000,DBC,SELL,100,23540.0,-2354000.0,100
13/02/2026,100M,100000000,VIX,SELL,100,19030.0,-1903000.0,100
13/02/2026,100M,100000000,SJS,BUY,100,49500.0,4950000.0,100
13/02/2026,250M,250000000,DGW,SELL,100,49300.0,-4930000.0,100
13/02/2026,250M,250000000,MBB,SELL,100,27210.0,-2721000.0,100
13/02/2026,250M,250000000,VCG,SELL,100,16800.0,-1680000.0,100
13/02/2026,250M,250000000,DBC,SELL,100,23540.0,-2354000.0,100
13/02/2026,250M,250000000,HDC,BUY,100,18530.0,1853000.0,100
13/02/2026,250M,250000000,SJS,BUY,100,49500.0,4950000.0,100
13/02/2026,250M,250000000,TCH,BUY,100,16650.0,1665000.0,100
13/02/2026,250M,250000000,VCB,BUY,100,64400.00000000001,6440000.000000001,100
13/02/2026,500M,500000000,EIB,SELL,100,23100.0,-2310000.0,100
13/02/2026,500M,500000000,SJS,SELL,100,49500.0,-4950000.0,100
13/02/2026,500M,500000000,VCG,SELL,100,16800.0,-1680000.0,100
13/02/2026,500M,500000000,HDC,BUY,100,18530.0,1853000.0,100
13/02/2026,500M,500000000,PDR,BUY,100,17400.0,1740000.0,100
13/02/2026,500M,500000000,TCH,BUY,100,16650.0,1665000.0,100
13/02/2026,500M,500000000,VCB,BUY,100,64400.00000000001,6440000.000000001,100
23/02/2026,25M,25000000,DXG,SELL,100,14060.0,-1406000.0,100
23/02/2026,25M,25000000,SJS,SELL,200,52000.0,-10400000.0,100
23/02/2026,25M,25000000,EIB,BUY,100,23400.0,2340000.0,100
23/02/2026,25M,25000000,HDC,BUY,100,18920.0,1892000.0,100
23/02/2026,25M,25000000,VCG,BUY,400,17110.0,6844000.0,100
23/02/2026,50M,50000000,SJS,SELL,300,52000.0,-15600000.0,100
23/02/2026,50M,50000000,DXG,BUY,100,14060.0,1406000.0,100
23/02/2026,50M,50000000,VCG,BUY,800,17110.0,13688000.0,100
23/02/2026,100M,100000000,SJS,SELL,500,52000.0,-26000000.0,100
23/02/2026,100M,100000000,DGW,BUY,100,50480.0,5048000.0,100
23/02/2026,100M,100000000,VCG,BUY,1200,17110.0,20532000.0,100
23/02/2026,250M,250000000,VIX,SELL,100,19200.0,-1920000.0,100
23/02/2026,250M,250000000,SJS,SELL,1300,52000.0,-67600000.0,100
23/02/2026,250M,250000000,DGW,BUY,100,50480.0,5048000.0,100
23/02/2026,250M,250000000,KDH,BUY,100,28000.0,2800000.0,100
23/02/2026,250M,250000000,VCG,BUY,3600,17110.0,61596000.0,100
23/02/2026,500M,500000000,MBB,SELL,100,27260.0,-2726000.0,100
23/02/2026,500M,500000000,SJS,SELL,2500,52000.0,-130000000.0,100
23/02/2026,500M,500000000,DBC,BUY,100,23710.0,2371000.0,100
23/02/2026,500M,500000000,KDH,BUY,100,28000.0,2800000.0,100
23/02/2026,500M,500000000,VCG,BUY,7300,17110.0,124903000.0,100
23/02/2026,500M,500000000,VIX,BUY,100,19200.0,1920000.0,100
24/02/2026,100M,100000000,SJS,SELL,100,52000.0,-5200000.0,100
24/02/2026,100M,100000000,VCG,BUY,300,17070.0,5121000.0,100
24/02/2026,250M,250000000,KDH,SELL,100,28250.0,-2825000.0,100
24/02/2026,250M,250000000,VIX,BUY,100,19580.0,1958000.0,100
24/02/2026,500M,500000000,DBC,SELL,100,24020.0,-2402000.0,100
24/02/2026,500M,500000000,KDH,SELL,100,28250.0,-2825000.0,100
24/02/2026,500M,500000000,MBB,BUY,100,27160.0,2716000.0,100
24/02/2026,500M,500000000,VCG,BUY,100,17070.0,1707000.0,100
24/02/2026,500M,500000000,VND,BUY,100,18470.0,1847000.0,100
25/02/2026,25M,25000000,VCG,SELL,400,17470.0,-6988000.0,100
25/02/2026,25M,25000000,DXG,BUY,100,13880.0,1388000.0,100
25/02/2026,25M,25000000,TCH,BUY,400,15900.0,6360000.0,100
25/02/2026,50M,50000000,VCG,SELL,800,17470.0,-13976000.0,100
25/02/2026,50M,50000000,HAG,BUY,100,16400.0,1640000.0,100
25/02/2026,50M,50000000,TCH,BUY,800,15900.0,12720000.0,100
25/02/2026,100M,100000000,VCG,SELL,1300,17470.0,-22711000.0,100
25/02/2026,100M,100000000,DGW,SELL,100,51060.0,-5106000.0,100
25/02/2026,100M,100000000,TCH,BUY,1600,15900.0,25440000.0,100
25/02/2026,250M,250000000,VCG,SELL,3700,17470.0,-64639000.0,100
25/02/2026,250M,250000000,DBC,BUY,100,23850.0,2385000.0,100
25/02/2026,250M,250000000,NLG,BUY,100,27520.0,2752000.0,100
25/02/2026,250M,250000000,TCH,BUY,3800,15900.0,60420000.0,100
25/02/2026,500M,500000000,MBB,SELL,100,27640.0,-2764000.0,100
25/02/2026,500M,500000000,VCG,SELL,7300,17470.0,-127531000.0,100
25/02/2026,500M,500000000,DBC,BUY,100,23850.0,2385000.0,100
25/02/2026,500M,500000000,KDH,BUY,100,27950.0,2795000.0,100
25/02/2026,500M,500000000,NLG,BUY,100,27520.0,2752000.0,100
25/02/2026,500M,500000000,TCH,BUY,7600,15900.0,120840000.0,100
26/02/2026,100M,100000000,VCG,SELL,300,17160.0,-5148000.0,100
26/02/2026,100M,100000000,NLG,BUY,100,27810.0,2781000.0,100
26/02/2026,100M,100000000,PDR,BUY,100,16900.0,1690000.0,100
26/02/2026,100M,100000000,TCH,BUY,100,15800.0,1580000.0,100
26/02/2026,100M,100000000,VIX,BUY,100,19110.0,1911000.0,100
26/02/2026,250M,250000000,VIC,SELL,100,168900.0,-16890000.0,100
26/02/2026,250M,250000000,KDH,BUY,100,28000.0,2800000.0,100
26/02/2026,250M,250000000,SJS,BUY,100,51800.0,5180000.0,100
26/02/2026,250M,250000000,TCH,BUY,100,15800.0,1580000.0,100
26/02/2026,250M,250000000,VCB,BUY,100,65400.00000000001,6540000.000000001,100
26/02/2026,500M,500000000,DBC,SELL,100,23670.0,-2367000.0,100
26/02/2026,500M,500000000,NLG,SELL,100,27810.0,-2781000.0,100
26/02/2026,500M,500000000,VCG,SELL,100,17160.0,-1716000.0,100
26/02/2026,500M,500000000,VND,SELL,100,18270.0,-1827000.0,100
26/02/2026,500M,500000000,SJS,BUY,100,51800.0,5180000.0,100
26/02/2026,500M,500000000,TCH,BUY,300,15800.0,4740000.0,100
27/02/2026,25M,25000000,DXG,SELL,100,13270.0,-1327000.0,100
27/02/2026,25M,25000000,TCH,BUY,100,15200.0,1520000.0,100
27/02/2026,50M,50000000,DXG,SELL,100,13270.0,-1327000.0,100
27/02/2026,50M,50000000,HAG,SELL,100,15950.0,-1595000.0,100
27/02/2026,50M,50000000,PDR,BUY,100,16400.0,1640000.0,100
27/02/2026,50M,50000000,TCH,BUY,100,15200.0,1520000.0,100
27/02/2026,250M,250000000,VCB,SELL,100,64900.00000000001,-6490000.000000001,100
27/02/2026,250M,250000000,DXG,BUY,200,13270.0,2654000.0,100
27/02/2026,250M,250000000,PDR,BUY,100,16400.0,1640000.0,100
27/02/2026,250M,250000000,TCH,BUY,200,15200.0,3040000.0,100
27/02/2026,500M,500000000,VIC,SELL,100,172000.0,-17200000.0,100
27/02/2026,500M,500000000,DXG,BUY,100,13270.0,1327000.0,100
27/02/2026,500M,500000000,PDR,BUY,100,16400.0,1640000.0,100
27/02/2026,500M,500000000,TCH,BUY,400,15200.0,6080000.0,100
27/02/2026,500M,500000000,VCB,BUY,100,64900.00000000001,6490000.000000001,100
27/02/2026,500M,500000000,VCG,BUY,100,17020.0,1702000.0,100
02/03/2026,25M,25000000,TCH,SELL,100,14600.0,-1460000.0,100
02/03/2026,25M,25000000,DXG,BUY,100,12780.0,1278000.0,100
02/03/2026,100M,100000000,VIC,SELL,100,167200.0,-16720000.0,100
02/03/2026,100M,100000000,DGW,BUY,100,47550.0,4755000.0,100
02/03/2026,100M,100000000,SJS,BUY,100,51700.0,5170000.0,100
02/03/2026,100M,100000000,VHC,BUY,100,64200.0,6420000.0,100
02/03/2026,500M,500000000,VCB,SELL,100,62900.0,-6290000.0,100
02/03/2026,500M,500000000,DBC,BUY,100,22700.0,2270000.0,100
02/03/2026,500M,500000000,EIB,BUY,100,22700.0,2270000.0,100
02/03/2026,500M,500000000,HDC,BUY,100,16920.0,1692000.0,100
03/03/2026,50M,50000000,TCH,SELL,100,14400.0,-1440000.0,100
03/03/2026,50M,50000000,DXG,BUY,100,12780.0,1278000.0,100
03/03/2026,100M,100000000,NLG,SELL,100,25460.0,-2546000.0,100
03/03/2026,100M,100000000,VIX,SELL,100,18400.0,-1840000.0,100
03/03/2026,250M,250000000,DXG,SELL,200,12780.0,-2556000.0,100
03/03/2026,250M,250000000,NLG,SELL,100,25460.0,-2546000.0,100
03/03/2026,250M,250000000,PDR,SELL,100,15600.0,-1560000.0,100
03/03/2026,250M,250000000,TCH,SELL,100,14400.0,-1440000.0,100
03/03/2026,250M,250000000,VIX,SELL,100,18400.0,-1840000.0,100
03/03/2026,250M,250000000,SJS,SELL,100,51700.0,-5170000.0,100
03/03/2026,250M,250000000,DBC,SELL,100,22130.0,-2213000.0,100
03/03/2026,250M,250000000,VCG,BUY,100,16840.0,1684000.0,100
03/03/2026,250M,250000000,VIC,BUY,100,155500.0,15550000.0,100
03/03/2026,500M,500000000,DBC,SELL,100,22130.0,-2213000.0,100
03/03/2026,500M,500000000,DXG,SELL,100,12780.0,-1278000.0,100
03/03/2026,500M,500000000,EIB,SELL,100,22800.0,-2280000.0,100
03/03/2026,500M,500000000,HDC,SELL,100,16610.0,-1661000.0,100
03/03/2026,500M,500000000,NLG,SELL,100,25460.0,-2546000.0,100
03/03/2026,500M,500000000,PDR,SELL,100,15600.0,-1560000.0,100
03/03/2026,500M,500000000,SJS,SELL,100,51700.0,-5170000.0,100
03/03/2026,500M,500000000,VCG,SELL,100,16840.0,-1684000.0,100
03/03/2026,500M,500000000,CII,BUY,100,16300.0,1630000.0,100
03/03/2026,500M,500000000,TCH,BUY,100,14400.0,1440000.0,100
03/03/2026,500M,500000000,VIC,BUY,100,155500.0,15550000.0,100
04/03/2026,100M,100000000,DGW,SELL,100,44910.0,-4491000.0,100
04/03/2026,100M,100000000,SJS,SELL,100,51800.0,-5180000.0,100
04/03/2026,100M,100000000,VHC,SELL,100,62000.0,-6200000.0,100
04/03/2026,100M,100000000,TCH,BUY,100,13950.0,1395000.0,100
04/03/2026,100M,100000000,VCG,BUY,100,17020.0,1702000.0,100
04/03/2026,100M,100000000,VIC,BUY,100,155600.0,15560000.0,100
04/03/2026,100M,100000000,VIX,BUY,100,17810.0,1781000.0,100
04/03/2026,500M,500000000,VHC,SELL,100,62000.0,-6200000.0,100
04/03/2026,500M,500000000,HDC,BUY,100,16090.0,1609000.0,100
04/03/2026,500M,500000000,TCH,BUY,100,13950.0,1395000.0,100
05/03/2026,25M,25000000,DXG,SELL,100,12390.0,-1239000.0,100
05/03/2026,25M,25000000,TCH,BUY,100,13950.0,1395000.0,100
05/03/2026,50M,50000000,PDR,SELL,100,15650.0,-1565000.0,100
05/03/2026,50M,50000000,TCH,BUY,100,13950.0,1395000.0,100
05/03/2026,100M,100000000,PDR,SELL,100,15650.0,-1565000.0,100
05/03/2026,100M,100000000,HAG,BUY,100,15850.0,1585000.0,100
05/03/2026,250M,250000000,VIC,SELL,100,164800.0,-16480000.0,100
05/03/2026,250M,250000000,VCG,SELL,100,17510.0,-1751000.0,100
05/03/2026,250M,250000000,DBC,BUY,100,22080.0,2208000.0,100
05/03/2026,250M,250000000,NLG,BUY,100,25120.0,2512000.0,100
05/03/2026,250M,250000000,TCH,BUY,400,13950.0,5580000.0,100
05/03/2026,250M,250000000,VCB,BUY,100,62500.0,6250000.0,100
05/03/2026,250M,250000000,VIX,BUY,100,17300.0,1730000.0,100
05/03/2026,500M,500000000,DGW,SELL,100,44910.0,-4491000.0,100
05/03/2026,500M,500000000,VIC,SELL,100,164800.0,-16480000.0,100
05/03/2026,500M,500000000,VIX,SELL,100,17300.0,-1730000.0,100
05/03/2026,500M,500000000,CII,SELL,100,16200.0,-1620000.0,100
05/03/2026,500M,500000000,CTD,BUY,100,76760.0,7676000.0,100
05/03/2026,500M,500000000,DXG,BUY,200,12390.0,2478000.0,100
05/03/2026,500M,500000000,EIB,BUY,100,22350.0,2235000.0,100
05/03/2026,500M,500000000,HAG,BUY,100,15850.0,1585000.0,100
05/03/2026,500M,500000000,TCH,BUY,200,13950.0,2790000.0,100
05/03/2026,500M,500000000,VGC,BUY,100,47300.0,4730000.0,100
05/03/2026,500M,500000000,VHC,BUY,100,60700.0,6070000.0,100
06/03/2026,250M,250000000,TCH,SELL,200,13800.0,-2760000.0,100
06/03/2026,250M,250000000,DBC,SELL,100,21690.0,-2169000.0,100
06/03/2026,250M,250000000,VGC,BUY,100,46000.0,4600000.0,100
06/03/2026,500M,500000000,CTD,SELL,100,76950.0,-7695000.0,100
06/03/2026,500M,500000000,DXG,SELL,200,12390.0,-2478000.0,100
06/03/2026,500M,500000000,HAG,SELL,100,15550.0,-1555000.0,100
06/03/2026,500M,500000000,TCH,SELL,100,13800.0,-1380000.0,100
06/03/2026,500M,500000000,DGW,BUY,100,43690.0,4369000.0,100
06/03/2026,500M,500000000,NLG,BUY,100,25510.0,2551000.0,100
06/03/2026,500M,500000000,VCB,BUY,100,61600.0,6160000.0,100
09/03/2026,250M,250000000,IMP,SELL,100,52920.0,-5292000.0,100
09/03/2026,250M,250000000,KDH,SELL,100,23950.0,-2395000.0,100
09/03/2026,250M,250000000,VGC,SELL,100,42800.0,-4280000.0,100
09/03/2026,250M,250000000,VCB,SELL,100,57300.0,-5730000.0,100
09/03/2026,250M,250000000,DBC,BUY,100,20190.0,2019000.0,100
09/03/2026,250M,250000000,TCH,BUY,100,12850.0,1285000.0,100
09/03/2026,250M,250000000,VIC,BUY,100,145600.0,14560000.0,100
09/03/2026,500M,500000000,DGW,SELL,100,40660.0,-4066000.0,100
09/03/2026,500M,500000000,EIB,SELL,100,20550.0,-2055000.0,100
09/03/2026,500M,500000000,IMP,SELL,100,52920.0,-5292000.0,100
09/03/2026,500M,500000000,NLG,SELL,100,23740.0,-2374000.0,100
09/03/2026,500M,500000000,VCB,SELL,100,57300.0,-5730000.0,100
09/03/2026,500M,500000000,HAG,BUY,100,14500.0,1450000.0,100
09/03/2026,500M,500000000,TCH,BUY,100,12850.0,1285000.0,100
09/03/2026,500M,500000000,VIC,BUY,100,145600.0,14560000.0,100
09/03/2026,500M,500000000,VND,BUY,100,16420.0,1642000.0,100
10/03/2026,25M,25000000,TCH,SELL,100,13700.0,-1370000.0,100
10/03/2026,25M,25000000,DXG,BUY,100,11640.0,1164000.0,100
10/03/2026,50M,50000000,TCH,SELL,100,13700.0,-1370000.0,100
10/03/2026,50M,50000000,HAG,BUY,100,14450.0,1445000.0,100
10/03/2026,100M,100000000,TCH,SELL,100,13700.0,-1370000.0,100
10/03/2026,100M,100000000,VCG,SELL,100,17730.0,-1773000.0,100
10/03/2026,100M,100000000,VIX,SELL,100,16000.0,-1600000.0,100
10/03/2026,100M,100000000,DGW,BUY,100,41300.0,4130000.0,100
10/03/2026,250M,250000000,TCH,SELL,300,13700.0,-4110000.0,100
10/03/2026,250M,250000000,BSI,SELL,100,31750.0,-3175000.0,100
10/03/2026,250M,250000000,DXG,BUY,200,11640.0,2328000.0,100
10/03/2026,250M,250000000,KDH,BUY,100,25050.0,2505000.0,100
10/03/2026,250M,250000000,MBB,BUY,100,25530.0,2553000.0,100
10/03/2026,500M,500000000,BSI,SELL,100,31750.0,-3175000.0,100
10/03/2026,500M,500000000,TCH,SELL,600,13700.0,-8220000.0,100
10/03/2026,500M,500000000,DBC,BUY,100,20360.0,2036000.0,100
10/03/2026,500M,500000000,DGW,BUY,100,41300.0,4130000.0,100
10/03/2026,500M,500000000,DXG,BUY,100,11640.0,1164000.0,100
10/03/2026,500M,500000000,NLG,BUY,100,25360.0,2536000.0,100
10/03/2026,500M,500000000,VCG,BUY,100,17730.0,1773000.0,100
11/03/2026,250M,250000000,DXG,SELL,200,12170.0,-2434000.0,100
11/03/2026,250M,250000000,TCH,SELL,100,14650.0,-1465000.0,100
11/03/2026,250M,250000000,MBB,SELL,100,25770.0,-2577000.0,100
11/03/2026,250M,250000000,VCB,BUY,100,60400.0,6040000.0,100
11/03/2026,500M,500000000,MBB,SELL,100,25770.0,-2577000.0,100
11/03/2026,500M,500000000,TCH,SELL,100,14650.0,-1465000.0,100
11/03/2026,500M,500000000,VGC,SELL,100,45900.0,-4590000.0,100
11/03/2026,500M,500000000,VCG,SELL,100,18930.0,-1893000.0,100
11/03/2026,500M,500000000,VND,SELL,100,16420.0,-1642000.0,100
11/03/2026,500M,500000000,CII,BUY,100,15800.0,1580000.0,100
11/03/2026,500M,500000000,SJS,BUY,100,48950.0,4895000.0,100
11/03/2026,500M,500000000,VCB,BUY,100,60400.0,6040000.0,100
12/03/2026,500M,500000000,HDC,SELL,100,15480.0,-1548000.0,100
12/03/2026,500M,500000000,TCH,SELL,100,14600.0,-1460000.0,100
12/03/2026,500M,500000000,VCG,SELL,100,20220.0,-2022000.0,100
12/03/2026,500M,500000000,BSI,BUY,100,32700.000000000004,3270000.0000000005,100
12/03/2026,500M,500000000,VIX,BUY,100,16800.0,1680000.0,100
13/03/2026,25M,25000000,TCH,SELL,400,15100.0,-6040000.0,100
13/03/2026,25M,25000000,DXG,SELL,100,12300.0,-1230000.0,100
13/03/2026,25M,25000000,HCM,BUY,400,18680.0,7472000.0,100
13/03/2026,50M,50000000,TCH,SELL,800,15100.0,-12080000.0,100
13/03/2026,50M,50000000,HAG,SELL,100,15200.0,-1520000.0,100
13/03/2026,50M,50000000,DXG,BUY,100,12300.0,1230000.0,100
13/03/2026,50M,50000000,HCM,BUY,700,18680.0,13076000.0,100
13/03/2026,100M,100000000,TCH,SELL,1700,15100.0,-25670000.0,100
13/03/2026,100M,100000000,HCM,BUY,1300,18680.0,24284000.0,100
13/03/2026,100M,100000000,VIX,BUY,100,16450.0,1645000.0,100
13/03/2026,250M,250000000,TCH,SELL,3900,15100.0,-58890000.0,100
13/03/2026,250M,250000000,MBB,SELL,100,25140.0,-2514000.0,100
13/03/2026,250M,250000000,BSI,BUY,100,31930.0,3193000.0,100
13/03/2026,250M,250000000,HCM,BUY,3100,18680.0,57908000.0,100
13/03/2026,500M,500000000,DXG,SELL,100,12300.0,-1230000.0,100
13/03/2026,500M,500000000,TCH,SELL,7900,15100.0,-119290000.0,100
13/03/2026,500M,500000000,HCM,BUY,6300,18680.0,117684000.0,100
13/03/2026,500M,500000000,MBB,BUY,100,25140.0,2514000.0,100
16/03/2026,500M,500000000,MBB,SELL,100,25100.0,-2510000.0,100
16/03/2026,500M,500000000,VND,BUY,100,15740.0,1574000.0,100
17/03/2026,25M,25000000,HCM,SELL,400,18860.0,-7544000.0,100
17/03/2026,25M,25000000,DXG,BUY,100,12080.0,1208000.0,100
17/03/2026,25M,25000000,TCH,BUY,400,14500.0,5800000.0,100
17/03/2026,50M,50000000,DXG,SELL,100,12080.0,-1208000.0,100
17/03/2026,50M,50000000,HCM,SELL,700,18860.0,-13202000.0,100
17/03/2026,50M,50000000,HAG,BUY,100,15050.0,1505000.0,100
17/03/2026,50M,50000000,TCH,BUY,900,14500.0,13050000.0,100
17/03/2026,100M,100000000,HCM,SELL,1300,18860.0,-24518000.0,100
17/03/2026,100M,100000000,TCH,BUY,1700,14500.0,24650000.0,100
17/03/2026,250M,250000000,HCM,SELL,3100,18860.0,-58466000.0,100
17/03/2026,250M,250000000,DXG,BUY,100,12080.0,1208000.0,100
17/03/2026,250M,250000000,TCH,BUY,4000,14500.0,58000000.0,100
17/03/2026,500M,500000000,CII,SELL,100,16300.0,-1630000.0,100
17/03/2026,500M,500000000,HCM,SELL,6300,18860.0,-118818000.0,100
17/03/2026,500M,500000000,BSI,BUY,100,32200.000000000004,3220000.0000000005,100
17/03/2026,500M,500000000,DXG,BUY,100,12080.0,1208000.0,100
17/03/2026,500M,500000000,HDC,BUY,100,15530.0,1553000.0,100
17/03/2026,500M,500000000,TCH,BUY,7900,14500.0,114550000.0,100
18/03/2026,250M,250000000,VCB,SELL,100,60500.0,-6050000.0,100
18/03/2026,250M,250000000,IMP,BUY,100,54300.0,5430000.0,100
18/03/2026,500M,500000000,BSI,SELL,200,31700.0,-6340000.0,100
18/03/2026,500M,500000000,SJS,SELL,100,49600.0,-4960000.0,100
18/03/2026,500M,500000000,VND,SELL,100,15700.0,-1570000.0,100
18/03/2026,500M,500000000,DXG,BUY,100,12130.0,1213000.0,100
18/03/2026,500M,500000000,IMP,BUY,100,54300.0,5430000.0,100
18/03/2026,500M,500000000,TCH,BUY,200,14400.0,2880000.0,100
18/03/2026,500M,500000000,VGC,BUY,100,46550.0,4655000.0,100
19/03/2026,25M,25000000,TCH,SELL,400,14600.0,-5840000.0,100
19/03/2026,25M,25000000,DXG,SELL,100,12390.0,-1239000.0,100
19/03/2026,25M,25000000,HCM,BUY,400,17730.0,7092000.0,100
19/03/2026,50M,50000000,TCH,SELL,900,14600.0,-13140000.0,100
19/03/2026,50M,50000000,HCM,BUY,700,17730.0,12411000.0,100
19/03/2026,100M,100000000,TCH,SELL,1600,14600.0,-23360000.0,100
19/03/2026,100M,100000000,DGW,SELL,100,42470.0,-4247000.0,100
19/03/2026,100M,100000000,DBC,BUY,100,20450.0,2045000.0,100
19/03/2026,100M,100000000,DXG,BUY,100,12390.0,1239000.0,100
19/03/2026,100M,100000000,HCM,BUY,1400,17730.0,24822000.0,100
19/03/2026,250M,250000000,IMP,SELL,100,54200.0,-5420000.0,100
19/03/2026,250M,250000000,TCH,SELL,4000,14600.0,-58400000.0,100
19/03/2026,250M,250000000,HCM,BUY,3300,17730.0,58509000.0,100
19/03/2026,250M,250000000,VCB,BUY,100,59800.0,5980000.0,100
19/03/2026,500M,500000000,DXG,SELL,200,12390.0,-2478000.0,100
19/03/2026,500M,500000000,TCH,SELL,8000,14600.0,-116800000.0,100
19/03/2026,500M,500000000,HCM,BUY,6500,17730.0,115245000.0,100
19/03/2026,500M,500000000,VND,BUY,200,15160.0,3032000.0,100
20/03/2026,100M,100000000,DXG,SELL,100,12300.0,-1230000.0,100
20/03/2026,100M,100000000,TCH,SELL,100,14900.0,-1490000.0,100
20/03/2026,250M,250000000,DBC,SELL,100,20500.0,-2050000.0,100
20/03/2026,250M,250000000,VCB,SELL,100,58000.0,-5800000.0,100
20/03/2026,250M,250000000,BSI,SELL,100,31070.0,-3107000.0,100
20/03/2026,250M,250000000,GAS,BUY,100,82000.0,8200000.0,100
20/03/2026,500M,500000000,DBC,SELL,100,20500.0,-2050000.0,100
20/03/2026,500M,500000000,DGW,SELL,100,41010.0,-4101000.0,100
20/03/2026,500M,500000000,IMP,SELL,100,53710.0,-5371000.0,100
20/03/2026,500M,500000000,TCH,SELL,100,14900.0,-1490000.0,100
20/03/2026,500M,500000000,VCB,SELL,100,58000.0,-5800000.0,100
20/03/2026,500M,500000000,DXG,BUY,100,12300.0,1230000.0,100
20/03/2026,500M,500000000,GAS,BUY,100,82000.0,8200000.0,100
23/03/2026,100M,100000000,HAG,SELL,100,15150.0,-1515000.0,100
23/03/2026,100M,100000000,DGW,BUY,100,39640.0,3964000.0,100
23/03/2026,250M,250000000,DXG,SELL,100,11470.0,-1147000.0,100
23/03/2026,250M,250000000,TCH,SELL,100,14950.0,-1495000.0,100
23/03/2026,250M,250000000,BSI,BUY,100,28930.0,2893000.0,100
23/03/2026,250M,250000000,CII,BUY,100,15600.0,1560000.0,100
23/03/2026,500M,500000000,DXG,SELL,100,11470.0,-1147000.0,100
23/03/2026,500M,500000000,GAS,SELL,100,80500.0,-8050000.0,100
23/03/2026,500M,500000000,HAG,SELL,100,15150.0,-1515000.0,100
23/03/2026,500M,500000000,TCH,SELL,100,14950.0,-1495000.0,100
23/03/2026,500M,500000000,VND,SELL,200,13900.0,-2780000.0,100
23/03/2026,500M,500000000,BSI,BUY,200,28930.0,5786000.0,100
23/03/2026,500M,500000000,DBC,BUY,100,19390.0,1939000.0,100
23/03/2026,500M,500000000,DGW,BUY,100,39640.0,3964000.0,100
23/03/2026,500M,500000000,VIC,BUY,100,125600.0,12560000.0,100
24/03/2026,100M,100000000,DBC,SELL,100,19660.0,-1966000.0,100
24/03/2026,100M,100000000,HCM,SELL,100,17040.0,-1704000.0,100
24/03/2026,100M,100000000,NLG,BUY,100,27670.0,2767000.0,100
24/03/2026,250M,250000000,HCM,SELL,100,17040.0,-1704000.0,100
24/03/2026,250M,250000000,GAS,SELL,100,80700.0,-8070000.0,100
24/03/2026,250M,250000000,BSI,BUY,100,29700.0,2970000.0,100
24/03/2026,250M,250000000,DBC,BUY,100,19660.0,1966000.0,100
24/03/2026,250M,250000000,MBB,BUY,100,24620.0,2462000.0,100
24/03/2026,500M,500000000,BSI,SELL,100,29700.0,-2970000.0,100
24/03/2026,500M,500000000,HCM,SELL,100,17040.0,-1704000.0,100
24/03/2026,500M,500000000,MBB,BUY,100,24620.0,2462000.0,100
24/03/2026,500M,500000000,VCG,BUY,100,18270.0,1827000.0,100
24/03/2026,500M,500000000,VND,BUY,100,14630.0,1463000.0,100
25/03/2026,250M,250000000,HCM,SELL,100,18210.0,-1821000.0,100
25/03/2026,250M,250000000,BSI,SELL,100,30750.0,-3075000.0,100
25/03/2026,250M,250000000,CII,SELL,100,17800.0,-1780000.0,100
25/03/2026,250M,250000000,VCB,BUY,100,58400.0,5840000.0,100
25/03/2026,250M,250000000,VCG,BUY,100,19510.0,1951000.0,100
25/03/2026,500M,500000000,MBB,SELL,100,25000.0,-2500000.0,100
25/03/2026,500M,500000000,HCM,SELL,200,18210.0,-3642000.0,100
25/03/2026,500M,500000000,VCB,BUY,100,58400.0,5840000.0,100
26/03/2026,25M,25000000,HCM,SELL,100,18770.0,-1877000.0,100
26/03/2026,25M,25000000,DXG,BUY,200,12170.0,2434000.0,100
26/03/2026,100M,100000000,NLG,SELL,100,27860.0,-2786000.0,100
26/03/2026,100M,100000000,DBC,BUY,100,20190.0,2019000.0,100
26/03/2026,100M,100000000,HAG,BUY,100,15950.0,1595000.0,100
26/03/2026,250M,250000000,DBC,SELL,100,20190.0,-2019000.0,100
26/03/2026,250M,250000000,VCB,SELL,100,57900.0,-5790000.0,100
26/03/2026,250M,250000000,HCM,SELL,100,18770.0,-1877000.0,100
26/03/2026,250M,250000000,DXG,BUY,100,12170.0,1217000.0,100
26/03/2026,250M,250000000,GAS,BUY,100,80300.0,8030000.0,100
26/03/2026,500M,500000000,DBC,SELL,100,20190.0,-2019000.0,100
26/03/2026,500M,500000000,NLG,SELL,100,27860.0,-2786000.0,100
26/03/2026,500M,500000000,VCB,SELL,100,57900.0,-5790000.0,100
26/03/2026,500M,500000000,HCM,SELL,100,18770.0,-1877000.0,100
26/03/2026,500M,500000000,GAS,BUY,100,80300.0,8030000.0,100
26/03/2026,500M,500000000,HAG,BUY,100,15950.0,1595000.0,100
26/03/2026,500M,500000000,MBB,BUY,100,24810.0,2481000.0,100
27/03/2026,50M,50000000,HCM,SELL,100,19200.0,-1920000.0,100
27/03/2026,50M,50000000,KDH,BUY,100,26400.0,2640000.0,100
27/03/2026,100M,100000000,DGW,SELL,100,44420.0,-4442000.0,100
27/03/2026,250M,250000000,DXG,SELL,100,12830.0,-1283000.0,100
27/03/2026,250M,250000000,NLG,SELL,100,28800.0,-2880000.0,100
27/03/2026,250M,250000000,VIX,SELL,100,16750.0,-1675000.0,100
27/03/2026,250M,250000000,VCG,SELL,100,19470.0,-1947000.0,100
27/03/2026,250M,250000000,IMP,BUY,100,54000.0,5400000.0,100
27/03/2026,250M,250000000,VGC,BUY,100,45600.0,4560000.0,100
27/03/2026,500M,500000000,HAG,SELL,100,16149.999999999998,-1614999.9999999998,100
27/03/2026,500M,500000000,HDC,SELL,100,16480.0,-1648000.0,100
27/03/2026,500M,500000000,HCM,SELL,100,19200.0,-1920000.0,100
27/03/2026,500M,500000000,IMP,BUY,100,54000.0,5400000.0,100
30/03/2026,100M,100000000,HCM,SELL,100,19240.0,-1924000.0,100
30/03/2026,100M,100000000,DBC,SELL,100,20410.0,-2041000.0,100
30/03/2026,100M,100000000,NLG,BUY,100,28210.0,2821000.0,100
30/03/2026,100M,100000000,VHC,BUY,100,59300.0,5930000.0,100
30/03/2026,250M,250000000,IMP,SELL,100,54200.0,-5420000.0,100
30/03/2026,250M,250000000,NLG,BUY,100,28210.0,2821000.0,100
30/03/2026,250M,250000000,VIX,BUY,100,16350.000000000002,1635000.0000000002,100
30/03/2026,250M,250000000,VND,BUY,100,15060.0,1506000.0,100
30/03/2026,500M,500000000,HCM,SELL,100,19240.0,-1924000.0,100
30/03/2026,500M,500000000,TCH,BUY,100,16350.000000000002,1635000.0000000002,100
31/03/2026,250M,250000000,NLG,SELL,100,28450.0,-2845000.0,100
31/03/2026,250M,250000000,VIX,SELL,100,16650.0,-1665000.0,100
31/03/2026,500M,500000000,TCH,SELL,100,17400.0,-1740000.0,100
31/03/2026,500M,500000000,VND,SELL,100,15360.0,-1536000.0,100
31/03/2026,500M,500000000,DBC,BUY,100,20450.0,2045000.0,100
31/03/2026,500M,500000000,HCM,BUY,100,19590.0,1959000.0,100
01/04/2026,25M,25000000,EIB,SELL,100,23400.0,-2340000.0,100
01/04/2026,25M,25000000,HCM,SELL,300,20280.0,-6084000.0,100
01/04/2026,25M,25000000,DXG,SELL,200,12700.0,-2540000.0,100
01/04/2026,25M,25000000,SJS,BUY,200,49000.0,9800000.0,100
01/04/2026,50M,50000000,HCM,SELL,600,20280.0,-12168000.0,100
01/04/2026,50M,50000000,KDH,SELL,100,26500.0,-2650000.0,100
01/04/2026,50M,50000000,SJS,BUY,300,49000.0,14700000.0,100
01/04/2026,100M,100000000,KDC,SELL,100,49200.0,-4920000.0,100
01/04/2026,100M,100000000,HCM,SELL,1200,20280.0,-24336000.0,100
01/04/2026,100M,100000000,NLG,SELL,100,29290.0,-2929000.0,100
01/04/2026,100M,100000000,DBC,BUY,100,20540.0,2054000.0,100
01/04/2026,100M,100000000,SJS,BUY,600,49000.0,29400000.0,100
01/04/2026,250M,250000000,DGW,SELL,100,44910.0,-4491000.0,100
01/04/2026,250M,250000000,HCM,SELL,3000,20280.0,-60840000.0,100
01/04/2026,250M,250000000,VND,SELL,100,15790.0,-1579000.0,100
01/04/2026,250M,250000000,DXG,BUY,100,12700.0,1270000.0,100
01/04/2026,250M,250000000,IMP,BUY,100,54890.0,5489000.0,100
01/04/2026,250M,250000000,SJS,BUY,1300,49000.0,63700000.0,100
01/04/2026,500M,500000000,DBC,SELL,100,20540.0,-2054000.0,100
01/04/2026,500M,500000000,DGW,SELL,100,44910.0,-4491000.0,100
01/04/2026,500M,500000000,HCM,SELL,5900,20280.0,-119652000.0,100
01/04/2026,500M,500000000,VCG,SELL,100,20000.0,-2000000.0,100
01/04/2026,500M,500000000,DXG,BUY,100,12700.0,1270000.0,100
01/04/2026,500M,500000000,HAG,BUY,100,16350.000000000002,1635000.0000000002,100
01/04/2026,500M,500000000,HDC,BUY,100,16270.0,1627000.0,100
01/04/2026,500M,500000000,SJS,BUY,2500,49000.0,122500000.0,100
02/04/2026,250M,250000000,SJS,SELL,100,49500.0,-4950000.0,100
02/04/2026,250M,250000000,BSI,SELL,100,33430.0,-3343000.0,100
02/04/2026,250M,250000000,DBC,BUY,100,20410.0,2041000.0,100
02/04/2026,250M,250000000,DGW,BUY,100,44860.0,4486000.0,100
02/04/2026,250M,250000000,VIX,BUY,100,16600.0,1660000.0,100
02/04/2026,500M,500000000,BSI,SELL,100,33430.0,-3343000.0,100
02/04/2026,500M,500000000,HCM,SELL,100,20370.0,-2037000.0,100
02/04/2026,500M,500000000,DBC,BUY,100,20410.0,2041000.0,100
02/04/2026,500M,500000000,VCG,BUY,100,19730.0,1973000.0,100
02/04/2026,500M,500000000,VND,BUY,100,15450.0,1545000.0,100
03/04/2026,50M,50000000,HAG,SELL,100,15950.0,-1595000.0,100
03/04/2026,50M,50000000,PDR,BUY,100,15900.0,1590000.0,100
03/04/2026,100M,100000000,VHC,SELL,100,57400.0,-5740000.0,100
03/04/2026,100M,100000000,KDC,BUY,100,48950.0,4895000.0,100
03/04/2026,100M,100000000,PDR,BUY,100,15900.0,1590000.0,100
03/04/2026,250M,250000000,DGW,SELL,100,42860.0,-4286000.0,100
03/04/2026,250M,250000000,DXG,SELL,100,12650.0,-1265000.0,100
03/04/2026,250M,250000000,KDC,SELL,100,48950.0,-4895000.0,100
03/04/2026,250M,250000000,VHC,SELL,100,57400.0,-5740000.0,100
03/04/2026,250M,250000000,DBC,SELL,100,20100.0,-2010000.0,100
03/04/2026,250M,250000000,BSI,BUY,100,32570.0,3257000.0,100
03/04/2026,250M,250000000,CTD,BUY,100,76190.0,7619000.0,100
03/04/2026,250M,250000000,SJS,BUY,100,48350.0,4835000.0,100
03/04/2026,250M,250000000,TCH,BUY,100,16500.0,1650000.0,100
03/04/2026,250M,250000000,VND,BUY,100,15210.0,1521000.0,100
03/04/2026,500M,500000000,DBC,SELL,100,20100.0,-2010000.0,100
03/04/2026,500M,500000000,KDC,SELL,100,48950.0,-4895000.0,100
03/04/2026,500M,500000000,VHC,SELL,100,57400.0,-5740000.0,100
03/04/2026,500M,500000000,BSI,BUY,100,32570.0,3257000.0,100
03/04/2026,500M,500000000,CTD,BUY,100,76190.0,7619000.0,100
03/04/2026,500M,500000000,NLG,BUY,100,27570.0,2757000.0,100
06/04/2026,25M,25000000,DXG,BUY,100,12170.0,1217000.0,100
06/04/2026,100M,100000000,VIX,SELL,100,15850.0,-1585000.0,100
06/04/2026,100M,100000000,DBC,SELL,100,19660.0,-1966000.0,100
06/04/2026,100M,100000000,TCH,BUY,100,15800.0,1580000.0,100
06/04/2026,250M,250000000,IMP,SELL,100,54890.0,-5489000.0,100
06/04/2026,250M,250000000,PDR,BUY,100,15550.0,1555000.0,100
06/04/2026,500M,500000000,DXG,SELL,100,12170.0,-1217000.0,100
06/04/2026,500M,500000000,IMP,SELL,100,54890.0,-5489000.0,100
06/04/2026,500M,500000000,NLG,SELL,100,27180.0,-2718000.0,100
06/04/2026,500M,500000000,PDR,BUY,100,15550.0,1555000.0,100
06/04/2026,500M,500000000,TCH,BUY,100,15800.0,1580000.0,100
06/04/2026,500M,500000000,VHC,BUY,100,57400.0,5740000.0,100
07/04/2026,100M,100000000,VIX,BUY,100,16950.0,1695000.0,100
07/04/2026,250M,250000000,PDR,SELL,100,15700.0,-1570000.0,100
07/04/2026,250M,250000000,SJS,SELL,100,49000.0,-4900000.0,100
07/04/2026,250M,250000000,VND,SELL,100,15600.0,-1560000.0,100
07/04/2026,250M,250000000,DXG,BUY,100,12210.0,1221000.0,100
07/04/2026,250M,250000000,IMP,BUY,100,54690.0,5469000.0,100
07/04/2026,250M,250000000,KDC,BUY,100,47800.0,4780000.0,100
07/04/2026,500M,500000000,VHC,SELL,100,58700.0,-5870000.0,100
07/04/2026,500M,500000000,VIX,SELL,100,16950.0,-1695000.0,100
07/04/2026,500M,500000000,DXG,BUY,200,12210.0,2442000.0,100
07/04/2026,500M,500000000,IMP,BUY,100,54690.0,5469000.0,100
08/04/2026,100M,100000000,TCH,SELL,100,17250.0,-1725000.0,100
08/04/2026,100M,100000000,VND,BUY,100,16670.0,1667000.0,100
08/04/2026,250M,250000000,DXG,SELL,100,13050.0,-1305000.0,100
08/04/2026,250M,250000000,KDC,SELL,100,48800.0,-4880000.0,100
08/04/2026,250M,250000000,DBC,BUY,100,20630.0,2063000.0,100
08/04/2026,250M,250000000,SJS,BUY,100,49300.0,4930000.0,100
08/04/2026,500M,500000000,DXG,SELL,200,13050.0,-2610000.0,100
08/04/2026,500M,500000000,PDR,SELL,100,16600.0,-1660000.0,100
08/04/2026,500M,500000000,VIC,SELL,100,153400.0,-15340000.0,100
08/04/2026,500M,500000000,DBC,BUY,100,20630.0,2063000.0,100
08/04/2026,500M,500000000,KDC,BUY,100,48800.0,4880000.0,100
08/04/2026,500M,500000000,SJS,BUY,100,49300.0,4930000.0,100
08/04/2026,500M,500000000,VHC,BUY,100,59200.0,5920000.0,100
08/04/2026,500M,500000000,VIX,BUY,100,18100.0,1810000.0,100
09/04/2026,25M,25000000,HDC,SELL,100,16700.0,-1670000.0,100
09/04/2026,25M,25000000,SJS,SELL,200,52700.0,-10540000.0,100
09/04/2026,25M,25000000,DXG,SELL,100,13360.0,-1336000.0,100
09/04/2026,25M,25000000,BMP,BUY,100,123310.0,12331000.0,100
09/04/2026,50M,50000000,EIB,SELL,100,22600.0,-2260000.0,100
09/04/2026,50M,50000000,PDR,SELL,100,16700.0,-1670000.0,100
09/04/2026,50M,50000000,IMP,SELL,100,54790.0,-5479000.0,100
09/04/2026,50M,50000000,SJS,SELL,300,52700.0,-15810000.0,100
09/04/2026,50M,50000000,BMP,BUY,200,123310.0,24662000.0,100
09/04/2026,100M,100000000,PDR,SELL,100,16700.0,-1670000.0,100
09/04/2026,100M,100000000,SJS,SELL,600,52700.0,-31620000.0,100
09/04/2026,100M,100000000,VIX,SELL,100,18000.0,-1800000.0,100
09/04/2026,100M,100000000,BMP,BUY,200,123310.0,24662000.0,100
09/04/2026,250M,250000000,KDH,SELL,100,26200.0,-2620000.0,100
09/04/2026,250M,250000000,VGC,SELL,100,46000.0,-4600000.0,100
09/04/2026,250M,250000000,VIX,SELL,100,18000.0,-1800000.0,100
09/04/2026,250M,250000000,SJS,SELL,1300,52700.0,-68510000.0,100
09/04/2026,250M,250000000,DBC,SELL,100,20320.0,-2032000.0,100
09/04/2026,250M,250000000,BMP,BUY,600,123310.0,73986000.0,100
09/04/2026,250M,250000000,KDC,BUY,100,48800.0,4880000.0,100
09/04/2026,500M,500000000,DBC,SELL,100,20320.0,-2032000.0,100
09/04/2026,500M,500000000,HDC,SELL,100,16700.0,-1670000.0,100
09/04/2026,500M,500000000,SJS,SELL,2600,52700.0,-137020000.0,100
09/04/2026,500M,500000000,VGC,SELL,100,46000.0,-4600000.0,100
09/04/2026,500M,500000000,VHC,SELL,100,60200.0,-6020000.0,100
09/04/2026,500M,500000000,VIX,SELL,100,18000.0,-1800000.0,100
09/04/2026,500M,500000000,BMP,BUY,1100,123310.0,135641000.0,100
09/04/2026,500M,500000000,EIB,BUY,100,22600.0,2260000.0,100
09/04/2026,500M,500000000,VIC,BUY,100,149200.0,14920000.0,100
10/04/2026,100M,100000000,VND,SELL,100,16280.000000000002,-1628000.0000000002,100
10/04/2026,100M,100000000,CTD,BUY,100,78090.0,7809000.0,100
10/04/2026,100M,100000000,PDR,BUY,100,16400.0,1640000.0,100
10/04/2026,100M,100000000,TCH,BUY,100,17000.0,1700000.0,100
13/04/2026,25M,25000000,BMP,SELL,100,126720.0,-12672000.0,100
13/04/2026,25M,25000000,CTD,BUY,100,78950.0,7895000.0,100
13/04/2026,25M,25000000,DXG,BUY,100,13580.0,1358000.0,100
13/04/2026,25M,25000000,EIB,BUY,100,22950.0,2295000.0,100
13/04/2026,25M,25000000,HDC,BUY,100,16570.0,1657000.0,100
13/04/2026,50M,50000000,DXG,SELL,100,13580.0,-1358000.0,100
13/04/2026,50M,50000000,BMP,SELL,200,126720.0,-25344000.0,100
13/04/2026,50M,50000000,CTD,BUY,200,78950.0,15790000.0,100
13/04/2026,50M,50000000,EIB,BUY,100,22950.0,2295000.0,100
13/04/2026,50M,50000000,HDC,BUY,100,16570.0,1657000.0,100
13/04/2026,50M,50000000,IMP,BUY,100,55090.0,5509000.0,100
13/04/2026,50M,50000000,PDR,BUY,100,16500.0,1650000.0,100
13/04/2026,100M,100000000,BMP,SELL,200,126720.0,-25344000.0,100
13/04/2026,100M,100000000,CTD,BUY,300,78950.0,23685000.0,100
13/04/2026,100M,100000000,HDC,BUY,100,16570.0,1657000.0,100
13/04/2026,250M,250000000,BMP,SELL,600,126720.0,-76032000.0,100
13/04/2026,250M,250000000,CTD,BUY,800,78950.0,63160000.0,100
13/04/2026,250M,250000000,DGW,BUY,100,44520.0,4452000.0,100
13/04/2026,250M,250000000,KDH,BUY,100,26200.0,2620000.0,100
13/04/2026,250M,250000000,PDR,BUY,100,16500.0,1650000.0,100
13/04/2026,250M,250000000,VGC,BUY,100,47200.0,4720000.0,100
13/04/2026,500M,500000000,VIC,SELL,100,160000.0,-16000000.0,100
13/04/2026,500M,500000000,BMP,SELL,1100,126720.0,-139392000.0,100
13/04/2026,500M,500000000,CTD,BUY,1600,78950.0,126320000.0,100
13/04/2026,500M,500000000,DGW,BUY,100,44520.0,4452000.0,100
13/04/2026,500M,500000000,DXG,BUY,100,13580.0,1358000.0,100
13/04/2026,500M,500000000,HDC,BUY,100,16570.0,1657000.0,100
13/04/2026,500M,500000000,KDC,BUY,100,48700.0,4870000.0,100
13/04/2026,500M,500000000,NLG,BUY,100,28750.0,2875000.0,100
13/04/2026,500M,500000000,PDR,BUY,100,16500.0,1650000.0,100
13/04/2026,500M,500000000,VGC,BUY,100,47200.0,4720000.0,100
13/04/2026,500M,500000000,VHC,BUY,100,60500.0,6050000.0,100
13/04/2026,500M,500000000,VIX,BUY,100,18050.0,1805000.0,100
14/04/2026,50M,50000000,HDC,SELL,100,16440.0,-1644000.0,100
14/04/2026,50M,50000000,DXG,BUY,100,13490.0,1349000.0,100
14/04/2026,100M,100000000,HDC,SELL,100,16440.0,-1644000.0,100
14/04/2026,100M,100000000,CTD,SELL,100,79810.0,-7981000.0,100
14/04/2026,100M,100000000,DXG,BUY,100,13490.0,1349000.0,100
14/04/2026,100M,100000000,SJS,BUY,100,52500.0,5250000.0,100
14/04/2026,100M,100000000,VIX,BUY,100,18150.0,1815000.0,100
14/04/2026,250M,250000000,DGW,SELL,100,44520.0,-4452000.0,100
14/04/2026,250M,250000000,VGC,SELL,100,47150.0,-4715000.0,100
14/04/2026,250M,250000000,CTD,SELL,100,79810.0,-7981000.0,100
14/04/2026,250M,250000000,DXG,BUY,100,13490.0,1349000.0,100
14/04/2026,250M,250000000,SJS,BUY,300,52500.0,15750000.0,100
14/04/2026,500M,500000000,CTD,SELL,200,79810.0,-15962000.0,100
14/04/2026,500M,500000000,NLG,SELL,100,28600.0,-2860000.0,100
14/04/2026,500M,500000000,VIX,SELL,100,18150.0,-1815000.0,100
14/04/2026,500M,500000000,SJS,BUY,300,52500.0,15750000.0,100
15/04/2026,100M,100000000,HDC,BUY,100,16400.0,1640000.0,100
15/04/2026,250M,250000000,VIC,SELL,100,177000.0,-17700000.0,100
15/04/2026,250M,250000000,SJS,SELL,100,53000.0,-5300000.0,100
15/04/2026,250M,250000000,CTD,BUY,200,78280.0,15656000.0,100
15/04/2026,250M,250000000,DBC,BUY,100,20890.0,2089000.0,100
15/04/2026,250M,250000000,DGW,BUY,100,43590.0,4359000.0,100
15/04/2026,500M,500000000,DGW,SELL,100,43590.0,-4359000.0,100
15/04/2026,500M,500000000,SJS,SELL,200,53000.0,-10600000.0,100
15/04/2026,500M,500000000,VGC,SELL,100,46200.0,-4620000.0,100
15/04/2026,500M,500000000,VHC,SELL,100,61000.0,-6100000.0,100
15/04/2026,500M,500000000,BVH,BUY,100,74000.0,7400000.0,100
15/04/2026,500M,500000000,CTD,BUY,200,78280.0,15656000.0,100
15/04/2026,500M,500000000,NLG,BUY,100,28400.0,2840000.0,100
15/04/2026,500M,500000000,TCH,BUY,100,17000.0,1700000.0,100
16/04/2026,25M,25000000,VIC,SELL,100,189300.0,-18930000.0,100
16/04/2026,25M,25000000,CTD,BUY,100,77900.0,7790000.0,100
16/04/2026,25M,25000000,HAG,BUY,100,16700.0,1670000.0,100
16/04/2026,25M,25000000,IMP,BUY,100,55090.0,5509000.0,100
16/04/2026,25M,25000000,VGC,BUY,100,46200.0,4620000.0,100
16/04/2026,50M,50000000,EIB,SELL,100,22350.0,-2235000.0,100
16/04/2026,50M,50000000,IMP,SELL,100,55090.0,-5509000.0,100
16/04/2026,50M,50000000,DXG,SELL,100,13310.0,-1331000.0,100
16/04/2026,50M,50000000,CTD,BUY,100,77900.0,7790000.0,100
16/04/2026,50M,50000000,HDC,BUY,100,16350.000000000002,1635000.0000000002,100
16/04/2026,100M,100000000,DXG,SELL,100,13310.0,-1331000.0,100
16/04/2026,100M,100000000,VIC,SELL,100,189300.0,-18930000.0,100
16/04/2026,100M,100000000,SJS,SELL,100,53100.0,-5310000.0,100
16/04/2026,100M,100000000,CTD,BUY,200,77900.0,15580000.0,100
16/04/2026,100M,100000000,DGW,BUY,100,44130.0,4413000.0,100
16/04/2026,100M,100000000,VHC,BUY,100,61700.0,6170000.0,100
16/04/2026,250M,250000000,SJS,SELL,200,53100.0,-10620000.0,100
16/04/2026,250M,250000000,DBC,SELL,100,20540.0,-2054000.0,100
16/04/2026,250M,250000000,EIB,BUY,100,22350.0,2235000.0,100
16/04/2026,250M,250000000,KDC,BUY,100,47900.0,4790000.0,100
16/04/2026,250M,250000000,VGC,BUY,100,46200.0,4620000.0,100
16/04/2026,250M,250000000,VIX,BUY,100,17800.0,1780000.0,100
16/04/2026,500M,500000000,SJS,SELL,100,53100.0,-5310000.0,100
16/04/2026,500M,500000000,VIC,SELL,100,189300.0,-18930000.0,100
16/04/2026,500M,500000000,CTD,BUY,200,77900.0,15580000.0,100
16/04/2026,500M,500000000,DGW,BUY,100,44130.0,4413000.0,100
16/04/2026,500M,500000000,EIB,BUY,100,22350.0,2235000.0,100
16/04/2026,500M,500000000,VGC,BUY,100,46200.0,4620000.0,100
17/04/2026,100M,100000000,CTD,SELL,100,78800.0,-7880000.0,100
17/04/2026,100M,100000000,VIX,SELL,100,17500.0,-1750000.0,100
17/04/2026,100M,100000000,VND,BUY,100,16079.999999999998,1607999.9999999998,100
17/04/2026,250M,250000000,EIB,SELL,100,22400.0,-2240000.0,100
17/04/2026,250M,250000000,MBB,BUY,100,25430.0,2543000.0,100
17/04/2026,500M,500000000,CTD,SELL,100,78800.0,-7880000.0,100
17/04/2026,500M,500000000,EIB,SELL,100,22400.0,-2240000.0,100
17/04/2026,500M,500000000,CII,BUY,100,19000.0,1900000.0,100
17/04/2026,500M,500000000,HDC,BUY,100,16140.0,1614000.0,100
17/04/2026,500M,500000000,NLG,BUY,100,28010.0,2801000.0,100
17/04/2026,500M,500000000,PDR,BUY,100,16149.999999999998,1614999.9999999998,100
17/04/2026,500M,500000000,VIX,BUY,100,17500.0,1750000.0,100
20/04/2026,25M,25000000,CTD,SELL,200,83000.0,-16600000.0,100
20/04/2026,25M,25000000,DXG,SELL,100,13180.0,-1318000.0,100
20/04/2026,25M,25000000,HAG,SELL,100,16400.0,-1640000.0,100
20/04/2026,25M,25000000,IMP,SELL,100,55180.0,-5518000.0,100
20/04/2026,25M,25000000,VGC,SELL,100,46250.0,-4625000.0,100
20/04/2026,25M,25000000,SJS,BUY,200,53300.0,10660000.0,100
20/04/2026,25M,25000000,VIC,BUY,100,191000.0,19100000.0,100
20/04/2026,50M,50000000,CTD,SELL,300,83000.0,-24900000.0,100
20/04/2026,50M,50000000,DXG,BUY,100,13180.0,1318000.0,100
20/04/2026,50M,50000000,EIB,BUY,100,22550.0,2255000.0,100
20/04/2026,50M,50000000,SJS,BUY,400,53300.0,21320000.0,100
20/04/2026,100M,100000000,CTD,SELL,400,83000.0,-33200000.0,100
20/04/2026,100M,100000000,DGW,SELL,100,44910.0,-4491000.0,100
20/04/2026,100M,100000000,VHC,SELL,100,62700.0,-6270000.0,100
20/04/2026,100M,100000000,SJS,BUY,600,53300.0,31980000.0,100
20/04/2026,100M,100000000,VIC,BUY,100,191000.0,19100000.0,100
20/04/2026,250M,250000000,MBB,SELL,100,25340.0,-2534000.0,100
20/04/2026,250M,250000000,CTD,SELL,900,83000.0,-74700000.0,100
20/04/2026,250M,250000000,HDC,BUY,100,16270.0,1627000.0,100
20/04/2026,250M,250000000,SJS,BUY,1300,53300.0,69290000.0,100
20/04/2026,250M,250000000,VHC,BUY,100,62700.0,6270000.0,100
20/04/2026,500M,500000000,CTD,SELL,1700,83000.0,-141100000.0,100
20/04/2026,500M,500000000,NLG,SELL,100,28010.0,-2801000.0,100
20/04/2026,500M,500000000,SJS,BUY,2600,53300.0,138580000.0,100
20/04/2026,500M,500000000,VHC,BUY,100,62700.0,6270000.0,100
21/04/2026,100M,100000000,VND,SELL,100,16180.0,-1618000.0,100
21/04/2026,100M,100000000,TCH,BUY,100,16700.0,1670000.0,100
21/04/2026,250M,250000000,VIX,SELL,100,17050.0,-1705000.0,100
21/04/2026,250M,250000000,SJS,SELL,100,54900.0,-5490000.0,100
21/04/2026,250M,250000000,DGW,BUY,100,44420.0,4442000.0,100
21/04/2026,250M,250000000,TCH,BUY,100,16700.0,1670000.0,100
21/04/2026,500M,500000000,HAG,SELL,100,16350.000000000002,-1635000.0000000002,100
21/04/2026,500M,500000000,SJS,SELL,200,54900.0,-10980000.0,100
21/04/2026,500M,500000000,CII,SELL,100,18600.0,-1860000.0,100
21/04/2026,500M,500000000,DGW,BUY,100,44420.0,4442000.0,100
21/04/2026,500M,500000000,IMP,BUY,100,54300.0,5430000.0,100
21/04/2026,500M,500000000,TCH,BUY,200,16700.0,3340000.0,100
22/04/2026,25M,25000000,SJS,SELL,200,58700.0,-11740000.0,100
22/04/2026,25M,25000000,VIC,SELL,100,207200.0,-20720000.0,100
22/04/2026,25M,25000000,CTD,BUY,200,81100.0,16220000.0,100
22/04/2026,25M,25000000,DXG,BUY,200,12920.0,2584000.0,100
22/04/2026,25M,25000000,IMP,BUY,100,50550.0,5055000.0,100
22/04/2026,25M,25000000,TCH,BUY,500,16900.0,8450000.0,100
22/04/2026,50M,50000000,VIC,SELL,200,207200.0,-41440000.0,100
22/04/2026,50M,50000000,SJS,SELL,400,58700.0,-23480000.0,100
22/04/2026,50M,50000000,CTD,BUY,300,81100.0,24330000.0,100
22/04/2026,50M,50000000,DGW,BUY,100,44520.0,4452000.0,100
22/04/2026,50M,50000000,HAG,BUY,100,16400.0,1640000.0,100
22/04/2026,50M,50000000,IMP,BUY,100,50550.0,5055000.0,100
22/04/2026,50M,50000000,KDC,BUY,100,47500.0,4750000.0,100
22/04/2026,50M,50000000,KDH,BUY,100,25700.0,2570000.0,100
22/04/2026,50M,50000000,TCH,BUY,1000,16900.0,16900000.0,100
22/04/2026,50M,50000000,VGC,BUY,100,44350.0,4435000.0,100
22/04/2026,100M,100000000,VIC,SELL,300,207200.0,-62160000.0,100
22/04/2026,100M,100000000,SJS,SELL,600,58700.0,-35220000.0,100
22/04/2026,100M,100000000,BSI,BUY,100,32340.000000000004,3234000.0000000005,100
22/04/2026,100M,100000000,CTD,BUY,500,81100.0,40550000.0,100
22/04/2026,100M,100000000,DGW,BUY,100,44520.0,4452000.0,100
22/04/2026,100M,100000000,KDC,BUY,100,47500.0,4750000.0,100
22/04/2026,100M,100000000,MBB,BUY,100,25190.0,2519000.0,100
22/04/2026,100M,100000000,NLG,BUY,100,27910.0,2791000.0,100
22/04/2026,100M,100000000,TCH,BUY,1600,16900.0,27040000.0,100
22/04/2026,100M,100000000,VGC,BUY,100,44350.0,4435000.0,100
22/04/2026,100M,100000000,VHC,BUY,100,62200.0,6220000.0,100
22/04/2026,100M,100000000,VIX,BUY,100,17050.0,1705000.0,100
22/04/2026,250M,250000000,VIC,SELL,400,207200.0,-82880000.0,100
22/04/2026,250M,250000000,SJS,SELL,1200,58700.0,-70440000.0,100
22/04/2026,250M,250000000,BSI,BUY,100,32340.000000000004,3234000.0000000005,100
22/04/2026,250M,250000000,CTD,BUY,900,81100.0,72990000.0,100
22/04/2026,250M,250000000,DXG,BUY,100,12920.0,1292000.0,100
22/04/2026,250M,250000000,EIB,BUY,100,22650.0,2265000.0,100
22/04/2026,250M,250000000,MBB,BUY,100,25190.0,2519000.0,100
22/04/2026,250M,250000000,NLG,BUY,100,27910.0,2791000.0,100
22/04/2026,250M,250000000,TCH,BUY,4000,16900.0,67600000.0,100
22/04/2026,250M,250000000,VIX,BUY,100,17050.0,1705000.0,100
22/04/2026,500M,500000000,SJS,SELL,2400,58700.0,-140880000.0,100
22/04/2026,500M,500000000,VIC,SELL,800,207200.0,-165760000.0,100
22/04/2026,500M,500000000,BSI,BUY,100,32340.000000000004,3234000.0000000005,100
22/04/2026,500M,500000000,CTD,BUY,1800,81100.0,145980000.0,100
22/04/2026,500M,500000000,EIB,BUY,100,22650.0,2265000.0,100
22/04/2026,500M,500000000,HAG,BUY,100,16400.0,1640000.0,100
22/04/2026,500M,500000000,HDC,BUY,100,16050.0,1605000.0,100
22/04/2026,500M,500000000,MBB,BUY,100,25190.0,2519000.0,100
22/04/2026,500M,500000000,NLG,BUY,100,27910.0,2791000.0,100
22/04/2026,500M,500000000,TCH,BUY,8100,16900.0,136890000.0,100
22/04/2026,500M,500000000,VCB,BUY,100,59400.0,5940000.0,100
22/04/2026,500M,500000000,VGC,BUY,100,44350.0,4435000.0,100
23/04/2026,50M,50000000,DXG,BUY,100,12740.0,1274000.0,100
23/04/2026,250M,250000000,CTD,SELL,100,86700.0,-8670000.0,100
23/04/2026,250M,250000000,DXG,BUY,600,12740.0,7644000.0,100
23/04/2026,500M,500000000,CTD,SELL,200,86700.0,-17340000.0,100
23/04/2026,500M,500000000,VCB,SELL,100,62800.0,-6280000.0,100
23/04/2026,500M,500000000,CII,BUY,100,18850.0,1885000.0,100
23/04/2026,500M,500000000,DBC,BUY,100,20360.0,2036000.0,100
23/04/2026,500M,500000000,DXG,BUY,1500,12740.0,19110000.0,100
24/04/2026,25M,25000000,TCH,SELL,400,17500.0,-7000000.0,100
24/04/2026,25M,25000000,CTD,SELL,200,87200.0,-17440000.0,100
24/04/2026,25M,25000000,DXG,SELL,100,13090.0,-1309000.0,100
24/04/2026,25M,25000000,DGW,BUY,100,43450.0,4345000.0,100
24/04/2026,25M,25000000,HAG,BUY,100,16300.0,1630000.0,100
24/04/2026,25M,25000000,HDC,BUY,100,16270.0,1627000.0,100
24/04/2026,25M,25000000,KDC,BUY,100,44700.0,4470000.0,100
24/04/2026,25M,25000000,KDH,BUY,100,25600.0,2560000.0,100
24/04/2026,25M,25000000,NLG,BUY,100,27130.0,2713000.0,100
24/04/2026,25M,25000000,PDR,BUY,100,16200.0,1620000.0,100
24/04/2026,25M,25000000,VGC,BUY,100,43850.0,4385000.0,100
24/04/2026,25M,25000000,VIX,BUY,100,16600.0,1660000.0,100
24/04/2026,50M,50000000,TCH,SELL,800,17500.0,-14000000.0,100
24/04/2026,50M,50000000,CTD,SELL,300,87200.0,-26160000.0,100
24/04/2026,50M,50000000,BSI,BUY,100,32520.000000000004,3252000.0000000005,100
24/04/2026,50M,50000000,DBC,BUY,100,20140.0,2014000.0,100
24/04/2026,50M,50000000,DXG,BUY,100,13090.0,1309000.0,100
24/04/2026,50M,50000000,EIB,BUY,100,22350.0,2235000.0,100
24/04/2026,50M,50000000,HAG,BUY,100,16300.0,1630000.0,100
24/04/2026,50M,50000000,HDC,BUY,100,16270.0,1627000.0,100
24/04/2026,50M,50000000,HDG,BUY,100,24190.0,2419000.0,100
24/04/2026,50M,50000000,IMP,BUY,100,47650.0,4765000.0,100
24/04/2026,50M,50000000,MBB,BUY,100,25190.0,2519000.0,100
24/04/2026,50M,50000000,NLG,BUY,100,27130.0,2713000.0,100
24/04/2026,50M,50000000,PDR,BUY,100,16200.0,1620000.0,100
24/04/2026,50M,50000000,VCB,BUY,100,60600.0,6060000.0,100
24/04/2026,50M,50000000,VHC,BUY,100,62400.0,6240000.0,100
24/04/2026,50M,50000000,VIX,BUY,100,16600.0,1660000.0,100
24/04/2026,100M,100000000,TCH,SELL,1500,17500.0,-26250000.0,100
24/04/2026,100M,100000000,CTD,SELL,500,87200.0,-43600000.0,100
24/04/2026,100M,100000000,DBC,BUY,100,20140.0,2014000.0,100
24/04/2026,100M,100000000,DGW,BUY,100,43450.0,4345000.0,100
24/04/2026,100M,100000000,DXG,BUY,100,13090.0,1309000.0,100
24/04/2026,100M,100000000,EIB,BUY,200,22350.0,4470000.0,100
24/04/2026,100M,100000000,GAS,BUY,100,78300.0,7830000.0,100
24/04/2026,100M,100000000,HDC,BUY,100,16270.0,1627000.0,100
24/04/2026,100M,100000000,IMP,BUY,100,47650.0,4765000.0,100
24/04/2026,100M,100000000,KDH,BUY,100,25600.0,2560000.0,100
24/04/2026,100M,100000000,NLG,BUY,100,27130.0,2713000.0,100
24/04/2026,100M,100000000,PDR,BUY,200,16200.0,3240000.0,100
24/04/2026,100M,100000000,VCB,BUY,100,60600.0,6060000.0,100
24/04/2026,100M,100000000,VHC,BUY,100,62400.0,6240000.0,100
24/04/2026,100M,100000000,VIC,BUY,100,212100.0,21210000.0,100
24/04/2026,100M,100000000,VIX,BUY,100,16600.0,1660000.0,100
24/04/2026,250M,250000000,DXG,SELL,500,13090.0,-6545000.0,100
24/04/2026,250M,250000000,TCH,SELL,3500,17500.0,-61250000.0,100
24/04/2026,250M,250000000,CTD,SELL,800,87200.0,-69760000.0,100
24/04/2026,250M,250000000,BSI,BUY,100,32520.000000000004,3252000.0000000005,100
24/04/2026,250M,250000000,DBC,BUY,200,20140.0,4028000.0,100
24/04/2026,250M,250000000,DGW,BUY,100,43450.0,4345000.0,100
24/04/2026,250M,250000000,EIB,BUY,300,22350.0,6705000.0,100
24/04/2026,250M,250000000,GAS,BUY,100,78300.0,7830000.0,100
24/04/2026,250M,250000000,HAG,BUY,200,16300.0,3260000.0,100
24/04/2026,250M,250000000,HDC,BUY,300,16270.0,4881000.0,100
24/04/2026,250M,250000000,HDG,BUY,100,24190.0,2419000.0,100
24/04/2026,250M,250000000,IMP,BUY,300,47650.0,14295000.0,100
24/04/2026,250M,250000000,KDC,BUY,200,44700.0,8940000.0,100
24/04/2026,250M,250000000,KDH,BUY,200,25600.0,5120000.0,100
24/04/2026,250M,250000000,MBB,BUY,100,25190.0,2519000.0,100
24/04/2026,250M,250000000,NLG,BUY,200,27130.0,5426000.0,100
24/04/2026,250M,250000000,NT2,BUY,100,24800.0,2480000.0,100
24/04/2026,250M,250000000,PDR,BUY,400,16200.0,6480000.0,100
24/04/2026,250M,250000000,VCB,BUY,100,60600.0,6060000.0,100
24/04/2026,250M,250000000,VCG,BUY,100,20360.0,2036000.0,100
24/04/2026,250M,250000000,VGC,BUY,200,43850.0,8770000.0,100
24/04/2026,250M,250000000,VHC,BUY,200,62400.0,12480000.0,100
24/04/2026,250M,250000000,VIC,BUY,100,212100.0,21210000.0,100
24/04/2026,250M,250000000,VIX,BUY,200,16600.0,3320000.0,100
24/04/2026,250M,250000000,VSC,BUY,100,22200.0,2220000.0,100
24/04/2026,500M,500000000,CTD,SELL,1500,87200.0,-130800000.0,100
24/04/2026,500M,500000000,DXG,SELL,700,13090.0,-9163000.0,100
24/04/2026,500M,500000000,TCH,SELL,7100,17500.0,-124250000.0,100
24/04/2026,500M,500000000,BSI,BUY,200,32520.000000000004,6504000.000000001,100
24/04/2026,500M,500000000,BVH,BUY,100,71800.0,7180000.0,100
24/04/2026,500M,500000000,DBC,BUY,100,20140.0,2014000.0,100
24/04/2026,500M,500000000,DGW,BUY,300,43450.0,13035000.0,100
24/04/2026,500M,500000000,EIB,BUY,600,22350.0,13410000.0,100
24/04/2026,500M,500000000,GAS,BUY,200,78300.0,15660000.0,100
24/04/2026,500M,500000000,HAG,BUY,300,16300.0,4890000.0,100
24/04/2026,500M,500000000,HDC,BUY,700,16270.0,11389000.0,100
24/04/2026,500M,500000000,HDG,BUY,200,24190.0,4838000.0,100
24/04/2026,500M,500000000,IMP,BUY,700,47650.0,33355000.0,100
24/04/2026,500M,500000000,KDC,BUY,400,44700.0,17880000.0,100
24/04/2026,500M,500000000,KDH,BUY,400,25600.0,10240000.0,100
24/04/2026,500M,500000000,MBB,BUY,100,25190.0,2519000.0,100
24/04/2026,500M,500000000,NLG,BUY,300,27130.0,8139000.0,100
24/04/2026,500M,500000000,NT2,BUY,200,24800.0,4960000.0,100
24/04/2026,500M,500000000,PDR,BUY,800,16200.0,12960000.0,100
24/04/2026,500M,500000000,SJS,BUY,100,59000.0,5900000.0,100
24/04/2026,500M,500000000,VCB,BUY,200,60600.0,12120000.0,100
24/04/2026,500M,500000000,VCG,BUY,100,20360.0,2036000.0,100
24/04/2026,500M,500000000,VGC,BUY,300,43850.0,13155000.0,100
24/04/2026,500M,500000000,VHC,BUY,300,62400.0,18720000.0,100
24/04/2026,500M,500000000,VIC,BUY,200,212100.0,42420000.0,100
24/04/2026,500M,500000000,VIX,BUY,100,16600.0,1660000.0,100
28/04/2026,25M,25000000,TCH,SELL,100,17900.0,-1790000.0,100
28/04/2026,25M,25000000,PDR,SELL,100,16200.0,-1620000.0,100
28/04/2026,25M,25000000,HDC,SELL,100,16140.0,-1614000.0,100
28/04/2026,25M,25000000,DCM,BUY,100,38150.0,3815000.0,100
28/04/2026,50M,50000000,PDR,SELL,100,16200.0,-1620000.0,100
28/04/2026,50M,50000000,TCH,SELL,200,17900.0,-3580000.0,100
28/04/2026,50M,50000000,HDC,SELL,100,16140.0,-1614000.0,100
28/04/2026,50M,50000000,DXG,SELL,200,13090.0,-2618000.0,100
28/04/2026,50M,50000000,EIB,SELL,100,21850.0,-2185000.0,100
28/04/2026,50M,50000000,HAG,SELL,100,16200.0,-1620000.0,100
28/04/2026,50M,50000000,DCM,BUY,300,38150.0,11445000.0,100
28/04/2026,100M,100000000,DXG,SELL,100,13090.0,-1309000.0,100
28/04/2026,100M,100000000,EIB,SELL,200,21850.0,-4370000.0,100
28/04/2026,100M,100000000,HDC,SELL,100,16140.0,-1614000.0,100
28/04/2026,100M,100000000,PDR,SELL,200,16200.0,-3240000.0,100
28/04/2026,100M,100000000,TCH,SELL,200,17900.0,-3580000.0,100
28/04/2026,100M,100000000,DGW,SELL,100,41980.0,-4198000.0,100
28/04/2026,100M,100000000,NLG,SELL,100,27030.0,-2703000.0,100
28/04/2026,100M,100000000,VHC,SELL,100,62000.0,-6200000.0,100
28/04/2026,100M,100000000,VIX,SELL,100,16350.000000000002,-1635000.0000000002,100
28/04/2026,100M,100000000,DCM,BUY,700,38150.0,26705000.0,100
28/04/2026,250M,250000000,DGW,SELL,100,41980.0,-4198000.0,100
28/04/2026,250M,250000000,DXG,SELL,200,13090.0,-2618000.0,100
28/04/2026,250M,250000000,EIB,SELL,300,21850.0,-6555000.0,100
28/04/2026,250M,250000000,HAG,SELL,200,16200.0,-3240000.0,100
28/04/2026,250M,250000000,HDC,SELL,300,16140.0,-4842000.0,100
28/04/2026,250M,250000000,KDC,SELL,200,41600.0,-8320000.0,100
28/04/2026,250M,250000000,KDH,SELL,200,25400.0,-5080000.0,100
28/04/2026,250M,250000000,NLG,SELL,200,27030.0,-5406000.0,100
28/04/2026,250M,250000000,PDR,SELL,400,16200.0,-6480000.0,100
28/04/2026,250M,250000000,TCH,SELL,600,17900.0,-10740000.0,100
28/04/2026,250M,250000000,VGC,SELL,200,43000.0,-8600000.0,100
28/04/2026,250M,250000000,VHC,SELL,200,62000.0,-12400000.0,100
28/04/2026,250M,250000000,VIC,SELL,100,225500.0,-22550000.0,100
28/04/2026,250M,250000000,VIX,SELL,100,16350.000000000002,-1635000.0000000002,100
28/04/2026,250M,250000000,DBC,SELL,100,19840.0,-1984000.0,100
28/04/2026,250M,250000000,VCB,SELL,100,59800.0,-5980000.0,100
28/04/2026,250M,250000000,MBB,SELL,200,25000.0,-5000000.0,100
28/04/2026,250M,250000000,GAS,SELL,100,73500.0,-7350000.0,100
28/04/2026,250M,250000000,BSI,SELL,200,31980.0,-6396000.0,100
28/04/2026,250M,250000000,DCM,BUY,1900,38150.0,72485000.0,100
28/04/2026,250M,250000000,IMP,BUY,1200,46810.0,56172000.0,100
28/04/2026,500M,500000000,BSI,SELL,200,31980.0,-6396000.0,100
28/04/2026,500M,500000000,CTD,SELL,100,86000.0,-8600000.0,100
28/04/2026,500M,500000000,DBC,SELL,100,19840.0,-1984000.0,100
28/04/2026,500M,500000000,DGW,SELL,300,41980.0,-12594000.0,100
28/04/2026,500M,500000000,DXG,SELL,800,13090.0,-10472000.0,100
28/04/2026,500M,500000000,EIB,SELL,600,21850.0,-13110000.0,100
28/04/2026,500M,500000000,GAS,SELL,200,73500.0,-14700000.0,100
28/04/2026,500M,500000000,HAG,SELL,300,16200.0,-4860000.0,100
28/04/2026,500M,500000000,HDC,SELL,800,16140.0,-12912000.0,100
28/04/2026,500M,500000000,HDG,SELL,100,23240.0,-2324000.0,100
28/04/2026,500M,500000000,KDC,SELL,300,41600.0,-12480000.0,100
28/04/2026,500M,500000000,KDH,SELL,300,25400.0,-7620000.0,100
28/04/2026,500M,500000000,MBB,SELL,200,25000.0,-5000000.0,100
28/04/2026,500M,500000000,NLG,SELL,300,27030.0,-8109000.0,100
28/04/2026,500M,500000000,NT2,SELL,100,24100.0,-2410000.0,100
28/04/2026,500M,500000000,PDR,SELL,800,16200.0,-12960000.0,100
28/04/2026,500M,500000000,SJS,SELL,100,56500.0,-5650000.0,100
28/04/2026,500M,500000000,TCH,SELL,1100,17900.0,-19690000.0,100
28/04/2026,500M,500000000,VCB,SELL,100,59800.0,-5980000.0,100
28/04/2026,500M,500000000,VGC,SELL,300,43000.0,-12900000.0,100
28/04/2026,500M,500000000,VHC,SELL,300,62000.0,-18600000.0,100
28/04/2026,500M,500000000,VIC,SELL,200,225500.0,-45100000.0,100
28/04/2026,500M,500000000,VCG,SELL,100,19600.0,-1960000.0,100
28/04/2026,500M,500000000,BVH,SELL,100,71000.0,-7100000.0,100
28/04/2026,500M,500000000,DCM,BUY,3700,38150.0,141155000.0,100
28/04/2026,500M,500000000,IMP,BUY,2400,46810.0,112344000.0,100
29/04/2026,25M,25000000,HDC,BUY,100,16610.0,1661000.0,100
29/04/2026,50M,50000000,HDG,SELL,100,23560.0,-2356000.0,100
29/04/2026,50M,50000000,MBB,SELL,100,25050.0,-2505000.0,100
29/04/2026,50M,50000000,DXG,BUY,100,13490.0,1349000.0,100
29/04/2026,50M,50000000,EIB,BUY,100,21750.0,2175000.0,100
29/04/2026,50M,50000000,PDR,BUY,100,16450.0,1645000.0,100
29/04/2026,100M,100000000,VIC,SELL,100,214000.0,-21400000.0,100
29/04/2026,100M,100000000,CTD,BUY,100,86800.0,8680000.0,100
29/04/2026,100M,100000000,DGW,BUY,100,42420.0,4242000.0,100
29/04/2026,100M,100000000,DXG,BUY,100,13490.0,1349000.0,100
29/04/2026,100M,100000000,EIB,BUY,200,21750.0,4350000.0,100
29/04/2026,100M,100000000,HDC,BUY,100,16610.0,1661000.0,100
29/04/2026,100M,100000000,HDG,BUY,100,23560.0,2356000.0,100
29/04/2026,250M,250000000,IMP,SELL,700,50060.0,-35042000.0,100
29/04/2026,250M,250000000,BSI,BUY,100,31840.0,3184000.0,100
29/04/2026,250M,250000000,BVH,BUY,100,70500.0,7050000.0,100
29/04/2026,250M,250000000,CII,BUY,100,19300.0,1930000.0,100
29/04/2026,250M,250000000,DGW,BUY,100,42420.0,4242000.0,100
29/04/2026,250M,250000000,DXG,BUY,200,13490.0,2698000.0,100
29/04/2026,250M,250000000,EIB,BUY,300,21750.0,6525000.0,100
29/04/2026,250M,250000000,GAS,BUY,100,75200.0,7520000.0,100
29/04/2026,250M,250000000,HAG,BUY,200,16300.0,3260000.0,100
29/04/2026,500M,500000000,IMP,SELL,1500,50060.0,-75090000.0,100
29/04/2026,500M,500000000,BSI,BUY,200,31840.0,6368000.0,100
29/04/2026,500M,500000000,BVH,BUY,100,70500.0,7050000.0,100
29/04/2026,500M,500000000,CII,BUY,100,19300.0,1930000.0,100
29/04/2026,500M,500000000,CTD,BUY,100,86800.0,8680000.0,100
29/04/2026,500M,500000000,DBC,BUY,200,19920.0,3984000.0,100
29/04/2026,500M,500000000,DGW,BUY,300,42420.0,12726000.0,100
29/04/2026,500M,500000000,DXG,BUY,500,13490.0,6745000.0,100
29/04/2026,500M,500000000,EIB,BUY,600,21750.0,13050000.0,100
29/04/2026,500M,500000000,GAS,BUY,200,75200.0,15040000.0,100
